index,status,local_started_at,local_finished_at,elapsed_s,request_id,started_at,finished_at,latency_ms,peak_vram_gb,pre_batch_ms,prompt_prepare_ms,batch_estimate_ms,queue_wait_ms,batch_exec_ms,response_encode_ms,generate_total_ms,prepare_inference_inputs_ms,iterative_generate_ms,chunked_generate_ms,decode_postprocess_ms,audio_decode_ms,post_process_audio_ms,gpu_sample_count,gpu_util_avg_pct,gpu_util_peak_pct,device_vram_used_gb_avg,device_vram_used_gb_peak,device_vram_util_avg_pct,device_vram_util_peak_pct,batch_requests,batch_target_tokens,batch_conditioning_tokens,batch_max_sequence_length,batch_lane,postprocess_mode,prompt_source,prompt_id,audio_duration_s,rtf,content_bytes,error
0,200,2026-04-17T20:19:55.468092Z,2026-04-17T20:19:56.331781Z,0.863686,03923d624ad1,2026-04-17T20:19:55.580369Z,2026-04-17T20:19:56.328998Z,748.63,3.028,7.74,7.60,0.10,0.07,738.42,1.63,737.76,15.31,469.74,,264.42,238.76,25.66,29,32.10,33.00,8.756,8.758,36.48,36.49,4,252,400,163,short_ref,full,upload_hit,,2.530,0.2959,121484,
1,200,2026-04-17T20:19:55.468387Z,2026-04-17T20:19:56.339171Z,0.870782,bfa09ea5c2ea,2026-04-17T20:19:55.580594Z,2026-04-17T20:19:56.330630Z,750.04,3.028,7.34,7.23,0.07,0.24,738.42,3.39,737.76,15.31,469.74,,264.42,238.76,25.66,29,32.10,33.00,8.756,8.758,36.48,36.49,4,252,400,163,short_ref,full,upload_hit,,2.700,0.2778,129644,
2,200,2026-04-17T20:19:55.468598Z,2026-04-17T20:20:01.191917Z,5.723318,d6cdd59a0bfe,2026-04-17T20:19:55.669859Z,2026-04-17T20:20:01.139143Z,5469.28,3.028,0.39,0.25,0.10,662.06,4772.51,33.50,4771.83,19.44,4058.23,,709.48,513.42,196.06,188,96.08,100.00,9.392,9.399,39.13,39.16,32,2016,3200,163,short_ref,full,upload_hit,,2.640,2.0717,126764,
3,200,2026-04-17T20:19:55.468796Z,2026-04-17T20:20:01.132935Z,5.664137,c964d9a251bf,2026-04-17T20:19:55.668294Z,2026-04-17T20:20:01.125086Z,5456.79,3.028,0.66,0.36,0.23,663.36,4772.51,19.49,4771.83,19.44,4058.23,,709.48,513.42,196.06,188,96.08,100.00,9.392,9.399,39.13,39.16,32,2016,3200,163,short_ref,full,upload_hit,,2.700,2.0210,129644,
4,200,2026-04-17T20:19:55.468994Z,2026-04-17T20:19:56.340780Z,0.871785,f90a8e729d0e,2026-04-17T20:19:55.580279Z,2026-04-17T20:19:56.332563Z,752.28,3.028,6.09,5.79,0.22,1.82,738.42,5.24,737.76,15.31,469.74,,264.42,238.76,25.66,29,32.10,33.00,8.756,8.758,36.48,36.49,4,252,400,163,short_ref,full,upload_hit,,2.440,0.3083,117164,
5,200,2026-04-17T20:19:55.469189Z,2026-04-17T20:20:01.177396Z,5.708205,8346aaae04fa,2026-04-17T20:19:55.672036Z,2026-04-17T20:20:01.130442Z,5458.41,3.028,0.55,0.44,0.08,659.73,4772.51,24.29,4771.83,19.44,4058.23,,709.48,513.42,196.06,188,96.08,100.00,9.392,9.399,39.13,39.16,32,2016,3200,163,short_ref,full,upload_hit,,2.710,2.0142,130124,
6,200,2026-04-17T20:19:55.469381Z,2026-04-17T20:20:01.153025Z,5.683642,ad7befa254d0,2026-04-17T20:19:55.670312Z,2026-04-17T20:20:01.128210Z,5457.90,3.028,0.77,0.54,0.18,661.24,4772.51,22.51,4771.83,19.44,4058.23,,709.48,513.42,196.06,188,96.08,100.00,9.392,9.399,39.13,39.16,32,2016,3200,163,short_ref,full,upload_hit,,2.700,2.0214,129644,
7,200,2026-04-17T20:19:55.469568Z,2026-04-17T20:19:56.333640Z,0.864071,68cbec1c39ab,2026-04-17T20:19:55.580491Z,2026-04-17T20:19:56.329135Z,748.64,3.028,5.51,5.23,0.21,2.19,738.42,1.96,737.76,15.31,469.74,,264.42,238.76,25.66,29,32.10,33.00,8.756,8.758,36.48,36.49,4,252,400,163,short_ref,full,upload_hit,,2.660,0.2814,127724,
8,200,2026-04-17T20:19:55.469763Z,2026-04-17T20:20:01.139230Z,5.669466,6ebbf6bc5a3a,2026-04-17T20:19:55.671122Z,2026-04-17T20:20:01.127072Z,5455.95,3.028,0.31,0.18,0.09,660.88,4772.51,21.21,4771.83,19.44,4058.23,,709.48,513.42,196.06,188,96.08,100.00,9.392,9.399,39.13,39.16,32,2016,3200,163,short_ref,full,upload_hit,,2.450,2.2269,117644,
9,200,2026-04-17T20:19:55.469959Z,2026-04-17T20:20:01.187726Z,5.717766,007b1dfa3edc,2026-04-17T20:19:55.673133Z,2026-04-17T20:20:01.133763Z,5460.63,3.028,0.74,0.60,0.10,658.45,4772.51,27.57,4771.83,19.44,4058.23,,709.48,513.42,196.06,188,96.08,100.00,9.392,9.399,39.13,39.16,32,2016,3200,163,short_ref,full,upload_hit,,2.700,2.0225,129644,
10,200,2026-04-17T20:19:55.470214Z,2026-04-17T20:20:01.192090Z,5.721874,3a1cb7083736,2026-04-17T20:19:55.669068Z,2026-04-17T20:20:01.139706Z,5470.64,3.028,0.70,0.38,0.25,662.55,4772.51,33.67,4771.83,19.44,4058.23,,709.48,513.42,196.06,188,96.08,100.00,9.392,9.399,39.13,39.16,32,2016,3200,163,short_ref,full,upload_hit,,2.490,2.1970,119564,
11,200,2026-04-17T20:19:55.470425Z,2026-04-17T20:20:01.190395Z,5.719968,a187c6309d56,2026-04-17T20:19:55.670635Z,2026-04-17T20:20:01.135555Z,5464.92,3.028,1.37,1.22,0.10,660.32,4772.51,29.77,4771.83,19.44,4058.23,,709.48,513.42,196.06,188,96.08,100.00,9.392,9.399,39.13,39.16,32,2016,3200,163,short_ref,full,upload_hit,,2.560,2.1347,122924,
12,200,2026-04-17T20:19:55.470629Z,2026-04-17T20:20:01.138046Z,5.667415,19e7e3be91c0,2026-04-17T20:19:55.671631Z,2026-04-17T20:20:01.126151Z,5454.52,3.028,0.83,0.66,0.12,659.86,4772.51,20.23,4771.83,19.44,4058.23,,709.48,513.42,196.06,188,96.08,100.00,9.392,9.399,39.13,39.16,32,2016,3200,163,short_ref,full,upload_hit,,2.720,2.0053,130604,
13,200,2026-04-17T20:19:55.470824Z,2026-04-17T20:20:01.188282Z,5.717456,7a60046b41d1,2026-04-17T20:19:55.672900Z,2026-04-17T20:20:01.134631Z,5461.73,3.028,0.55,0.39,0.12,658.87,4772.51,28.38,4771.83,19.44,4058.23,,709.48,513.42,196.06,188,96.08,100.00,9.392,9.399,39.13,39.16,32,2016,3200,163,short_ref,full,upload_hit,,2.670,2.0456,128204,
14,200,2026-04-17T20:19:55.471025Z,2026-04-17T20:20:01.185106Z,5.71408,a4a5dffcd31b,2026-04-17T20:19:55.673620Z,2026-04-17T20:20:01.131968Z,5458.35,3.028,0.47,0.33,0.10,658.23,4772.51,25.65,4771.83,19.44,4058.23,,709.48,513.42,196.06,188,96.08,100.00,9.392,9.399,39.13,39.16,32,2016,3200,163,short_ref,full,upload_hit,,2.690,2.0291,129164,
15,200,2026-04-17T20:19:55.471225Z,2026-04-17T20:20:01.190035Z,5.718808,1bac20a43cf3,2026-04-17T20:19:55.674290Z,2026-04-17T20:20:01.134747Z,5460.46,3.028,0.59,0.47,0.09,657.44,4772.51,28.35,4771.83,19.44,4058.23,,709.48,513.42,196.06,188,96.08,100.00,9.392,9.399,39.13,39.16,32,2016,3200,163,short_ref,full,upload_hit,,2.620,2.0841,125804,
16,200,2026-04-17T20:19:55.471425Z,2026-04-17T20:20:01.150320Z,5.678893,98737cecbfa1,2026-04-17T20:19:55.674585Z,2026-04-17T20:20:01.128009Z,5453.42,3.028,0.60,0.46,0.10,657.14,4772.51,21.55,4771.83,19.44,4058.23,,709.48,513.42,196.06,188,96.08,100.00,9.392,9.399,39.13,39.16,32,2016,3200,163,short_ref,full,upload_hit,,2.690,2.0273,129164,
17,200,2026-04-17T20:19:55.471622Z,2026-04-17T20:20:01.182433Z,5.710808,4d099d0b3972,2026-04-17T20:19:55.675272Z,2026-04-17T20:20:01.130800Z,5455.53,3.028,5.38,5.18,0.15,651.67,4772.51,24.26,4771.83,19.44,4058.23,,709.48,513.42,196.06,188,96.08,100.00,9.392,9.399,39.13,39.16,32,2016,3200,163,short_ref,full,upload_hit,,2.710,2.0131,130124,
18,200,2026-04-17T20:19:55.471816Z,2026-04-17T20:20:01.190729Z,5.718912,e5da7b256373,2026-04-17T20:19:55.680300Z,2026-04-17T20:20:01.136602Z,5456.30,3.028,2.58,2.41,0.13,649.44,4772.51,29.98,4771.83,19.44,4058.23,,709.48,513.42,196.06,188,96.08,100.00,9.392,9.399,39.13,39.16,32,2016,3200,163,short_ref,full,upload_hit,,2.720,2.0060,130604,
19,200,2026-04-17T20:19:55.472012Z,2026-04-17T20:20:01.134222Z,5.662209,58df30f4ccda,2026-04-17T20:19:55.708532Z,2026-04-17T20:20:01.125746Z,5417.21,3.028,0.42,0.20,0.17,623.37,4772.51,19.05,4771.83,19.44,4058.23,,709.48,513.42,196.06,188,96.08,100.00,9.392,9.399,39.13,39.16,32,2016,3200,163,short_ref,full,upload_hit,,2.640,2.0520,126764,
20,200,2026-04-17T20:19:55.472204Z,2026-04-17T20:20:01.177136Z,5.704929,526d9d86e53a,2026-04-17T20:19:55.709230Z,2026-04-17T20:20:01.130211Z,5420.98,3.028,0.58,0.45,0.09,622.50,4772.51,23.44,4771.83,19.44,4058.23,,709.48,513.42,196.06,188,96.08,100.00,9.392,9.399,39.13,39.16,32,2016,3200,163,short_ref,full,upload_hit,,2.700,2.0078,129644,
21,200,2026-04-17T20:19:55.472395Z,2026-04-17T20:20:01.185278Z,5.712881,af01d5446e45,2026-04-17T20:19:55.724454Z,2026-04-17T20:20:01.132503Z,5408.05,3.028,0.76,0.61,0.11,607.11,4772.51,24.90,4771.83,19.44,4058.23,,709.48,513.42,196.06,188,96.08,100.00,9.392,9.399,39.13,39.16,32,2016,3200,163,short_ref,full,upload_hit,,2.710,1.9956,130124,
22,200,2026-04-17T20:19:55.472654Z,2026-04-17T20:20:01.190562Z,5.717907,d234069db087,2026-04-17T20:19:55.724944Z,2026-04-17T20:20:01.136254Z,5411.31,3.028,0.52,0.39,0.10,606.85,4772.51,28.60,4771.83,19.44,4058.23,,709.48,513.42,196.06,188,96.08,100.00,9.392,9.399,39.13,39.16,32,2016,3200,163,short_ref,full,upload_hit,,2.710,1.9968,130124,
23,200,2026-04-17T20:19:55.472852Z,2026-04-17T20:20:02.589601Z,7.116747,42ae1c3ce883,2026-04-17T20:19:55.725506Z,2026-04-17T20:20:02.578360Z,6852.85,3.028,5.57,5.44,0.09,5384.59,1451.47,10.44,1447.65,40.61,1021.11,,422.98,385.27,37.71,57,100.00,100.00,9.399,9.399,39.16,39.16,8,504,800,163,short_ref,full,upload_hit,,2.700,2.5381,129644,
24,200,2026-04-17T20:19:55.473048Z,2026-04-17T20:20:02.578533Z,7.105482,cefddd5f3a52,2026-04-17T20:19:55.730811Z,2026-04-17T20:20:02.573039Z,6842.23,3.028,17.88,17.73,0.11,5366.98,1451.47,4.61,1447.65,40.61,1021.11,,422.98,385.27,37.71,57,100.00,100.00,9.399,9.399,39.16,39.16,8,504,800,163,short_ref,full,upload_hit,,2.700,2.5342,129644,
25,200,2026-04-17T20:19:55.473243Z,2026-04-17T20:20:01.184915Z,5.71167,4a22ffb51d0b,2026-04-17T20:19:55.709588Z,2026-04-17T20:20:01.131857Z,5422.27,3.028,0.39,0.26,0.10,622.33,4772.51,23.16,4771.83,19.44,4058.23,,709.48,513.42,196.06,188,96.08,100.00,9.392,9.399,39.13,39.16,32,2016,3200,163,short_ref,full,upload_hit,,2.650,2.0461,127244,
26,200,2026-04-17T20:19:55.473442Z,2026-04-17T20:20:01.190896Z,5.717453,b32a799457f2,2026-04-17T20:19:55.710151Z,2026-04-17T20:20:01.138305Z,5428.15,3.028,0.63,0.49,0.10,621.54,4772.51,28.99,4771.83,19.44,4058.23,,709.48,513.42,196.06,188,96.08,100.00,9.392,9.399,39.13,39.16,32,2016,3200,163,short_ref,full,upload_hit,,2.720,1.9956,130604,
27,200,2026-04-17T20:19:55.473637Z,2026-04-17T20:20:01.187543Z,5.713904,8a42ed68a108,2026-04-17T20:19:55.710418Z,2026-04-17T20:20:01.133088Z,5422.67,3.028,0.60,0.48,0.09,621.30,4772.51,24.97,4771.83,19.44,4058.23,,709.48,513.42,196.06,188,96.08,100.00,9.392,9.399,39.13,39.16,32,2016,3200,163,short_ref,full,upload_hit,,2.630,2.0619,126284,
28,200,2026-04-17T20:19:55.473832Z,2026-04-17T20:20:01.190214Z,5.716381,4dec51292b38,2026-04-17T20:19:55.711098Z,2026-04-17T20:20:01.134927Z,5423.83,3.028,0.60,0.35,0.20,620.61,4772.51,24.38,4771.83,19.44,4058.23,,709.48,513.42,196.06,188,96.08,100.00,9.392,9.399,39.13,39.16,32,2016,3200,163,short_ref,full,upload_hit,,2.710,2.0014,130124,
29,200,2026-04-17T20:19:55.474029Z,2026-04-17T20:20:01.185445Z,5.711414,51ff654da24f,2026-04-17T20:19:55.711754Z,2026-04-17T20:20:01.132782Z,5421.03,3.028,0.60,0.46,0.10,619.96,4772.51,25.68,4771.83,19.44,4058.23,,709.48,513.42,196.06,188,96.08,100.00,9.392,9.399,39.13,39.16,32,2016,3200,163,short_ref,full,upload_hit,,2.650,2.0457,127244,
30,200,2026-04-17T20:19:55.474220Z,2026-04-17T20:20:01.162232Z,5.688011,b373622eaf9d,2026-04-17T20:19:55.712000Z,2026-04-17T20:20:01.129871Z,5417.87,3.028,3.39,3.22,0.12,616.93,4772.51,22.84,4771.83,19.44,4058.23,,709.48,513.42,196.06,188,96.08,100.00,9.392,9.399,39.13,39.16,32,2016,3200,163,short_ref,full,upload_hit,,2.550,2.1247,122444,
31,200,2026-04-17T20:19:55.474423Z,2026-04-17T20:20:01.161857Z,5.687432,3e01e6db26d4,2026-04-17T20:19:55.715483Z,2026-04-17T20:20:01.128833Z,5413.35,3.028,0.38,0.22,0.12,616.45,4772.51,21.61,4771.83,19.44,4058.23,,709.48,513.42,196.06,188,96.08,100.00,9.392,9.399,39.13,39.16,32,2016,3200,163,short_ref,full,upload_hit,,2.710,1.9975,130124,
32,200,2026-04-17T20:19:55.474669Z,2026-04-17T20:20:01.185611Z,5.710941,b0a3ac4edc76,2026-04-17T20:19:55.721841Z,2026-04-17T20:20:01.132931Z,5411.09,3.028,0.48,0.31,0.13,610.00,4772.51,25.63,4771.83,19.44,4058.23,,709.48,513.42,196.06,188,96.08,100.00,9.392,9.399,39.13,39.16,32,2016,3200,163,short_ref,full,upload_hit,,2.530,2.1388,121484,
33,200,2026-04-17T20:19:55.474870Z,2026-04-17T20:20:01.191063Z,5.716191,2b22804d5974,2026-04-17T20:19:55.722370Z,2026-04-17T20:20:01.138443Z,5416.07,3.028,0.49,0.39,0.08,609.45,4772.51,26.85,4771.83,19.44,4058.23,,709.48,513.42,196.06,188,96.08,100.00,9.392,9.399,39.13,39.16,32,2016,3200,163,short_ref,full,upload_hit,,2.710,1.9986,130124,
34,200,2026-04-17T20:19:55.475063Z,2026-04-17T20:20:07.386068Z,11.911002,9a622c879f95,2026-04-17T20:20:01.156810Z,2026-04-17T20:20:07.368880Z,6212.07,3.028,0.95,0.82,0.09,1420.95,4766.97,21.57,4764.62,22.39,4088.77,,671.65,515.11,156.54,188,96.38,100.00,9.399,9.399,39.16,39.16,32,2016,3200,163,short_ref,full,upload_hit,,2.720,2.2838,130604,
35,200,2026-04-17T20:19:55.475256Z,2026-04-17T20:20:07.417901Z,11.942644,55c9445159b3,2026-04-17T20:20:01.156429Z,2026-04-17T20:20:07.377078Z,6220.65,3.028,0.56,0.42,0.10,1421.73,4766.97,30.01,4764.62,22.39,4088.77,,671.65,515.11,156.54,188,96.38,100.00,9.399,9.399,39.16,39.16,32,2016,3200,163,short_ref,full,upload_hit,,2.710,2.2954,130124,
36,200,2026-04-17T20:19:55.475459Z,2026-04-17T20:20:01.191740Z,5.71628,718f245c2730,2026-04-17T20:19:55.722608Z,2026-04-17T20:20:01.138662Z,5416.05,3.028,0.49,0.36,0.09,609.22,4772.51,28.06,4771.83,19.44,4058.23,,709.48,513.42,196.06,188,96.08,100.00,9.392,9.399,39.13,39.16,32,2016,3200,163,short_ref,full,upload_hit,,2.560,2.1156,122924,
37,200,2026-04-17T20:19:55.475648Z,2026-04-17T20:20:01.141094Z,5.665444,75b83ffdb205,2026-04-17T20:19:55.723151Z,2026-04-17T20:20:01.127203Z,5404.05,3.028,0.60,0.44,0.12,608.57,4772.51,19.77,4771.83,19.44,4058.23,,709.48,513.42,196.06,188,96.08,100.00,9.392,9.399,39.13,39.16,32,2016,3200,163,short_ref,full,upload_hit,,2.690,2.0089,129164,
38,200,2026-04-17T20:19:55.475846Z,2026-04-17T20:20:01.147050Z,5.671201,f299ac81bea3,2026-04-17T20:19:55.723433Z,2026-04-17T20:20:01.127835Z,5404.40,3.028,0.50,0.37,0.10,608.38,4772.51,20.34,4771.83,19.44,4058.23,,709.48,513.42,196.06,188,96.08,100.00,9.392,9.399,39.13,39.16,32,2016,3200,163,short_ref,full,upload_hit,,2.710,1.9942,130124,
39,200,2026-04-17T20:19:55.476042Z,2026-04-17T20:20:01.188009Z,5.711965,39d636b96aee,2026-04-17T20:19:55.724142Z,2026-04-17T20:20:01.134115Z,5409.97,3.028,0.60,0.46,0.11,607.57,4772.51,26.57,4771.83,19.44,4058.23,,709.48,513.42,196.06,188,96.08,100.00,9.392,9.399,39.13,39.16,32,2016,3200,163,short_ref,full,upload_hit,,2.710,1.9963,130124,
40,200,2026-04-17T20:19:55.476235Z,2026-04-17T20:20:02.588091Z,7.111854,6cb3273ae533,2026-04-17T20:19:56.340556Z,2026-04-17T20:20:02.575887Z,6235.33,3.028,0.29,0.14,0.10,4774.82,1451.47,8.05,1447.65,40.61,1021.11,,422.98,385.27,37.71,57,100.00,100.00,9.399,9.399,39.16,39.16,8,504,800,163,short_ref,full,upload_hit,,2.700,2.3094,129644,
41,200,2026-04-17T20:19:55.476431Z,2026-04-17T20:20:07.384015Z,11.907582,184af3451c32,2026-04-17T20:20:01.164219Z,2026-04-17T20:20:07.368249Z,6204.03,3.028,0.74,0.52,0.17,1413.76,4766.97,20.54,4764.62,22.39,4088.77,,671.65,515.11,156.54,188,96.38,100.00,9.399,9.399,39.16,39.16,32,2016,3200,163,short_ref,full,upload_hit,,2.680,2.3149,128684,
42,200,2026-04-17T20:19:55.477379Z,2026-04-17T20:20:07.377208Z,11.899827,f05a0054e22e,2026-04-17T20:20:01.157588Z,2026-04-17T20:20:07.366234Z,6208.65,3.028,0.77,0.66,0.07,1420.36,4766.97,18.78,4764.62,22.39,4088.77,,671.65,515.11,156.54,188,96.38,100.00,9.399,9.399,39.16,39.16,32,2016,3200,163,short_ref,full,upload_hit,,2.710,2.2910,130124,
43,200,2026-04-17T20:19:55.477599Z,2026-04-17T20:20:07.402604Z,11.925002,eabf05507497,2026-04-17T20:20:01.159614Z,2026-04-17T20:20:07.370700Z,6211.09,3.028,0.42,0.31,0.08,1418.67,4766.97,23.19,4764.62,22.39,4088.77,,671.65,515.11,156.54,188,96.38,100.00,9.399,9.399,39.16,39.16,32,2016,3200,163,short_ref,full,upload_hit,,2.710,2.2919,130124,
44,200,2026-04-17T20:19:55.477806Z,2026-04-17T20:20:07.412960Z,11.935152,d5baff6c4909,2026-04-17T20:20:01.159796Z,2026-04-17T20:20:07.372114Z,6212.32,3.028,0.58,0.26,0.21,1418.35,4766.97,24.56,4764.62,22.39,4088.77,,671.65,515.11,156.54,188,96.38,100.00,9.399,9.399,39.16,39.16,32,2016,3200,163,short_ref,full,upload_hit,,2.570,2.4172,123404,
45,200,2026-04-17T20:19:55.478009Z,2026-04-17T20:20:07.417690Z,11.93968,aa7715586042,2026-04-17T20:20:01.161141Z,2026-04-17T20:20:07.376040Z,6214.90,3.028,0.37,0.24,0.09,1417.21,4766.97,28.41,4764.62,22.39,4088.77,,671.65,515.11,156.54,188,96.38,100.00,9.399,9.399,39.16,39.16,32,2016,3200,163,short_ref,full,upload_hit,,2.710,2.2933,130124,
46,200,2026-04-17T20:19:55.478208Z,2026-04-17T20:20:07.382414Z,11.904203,96319916a2ea,2026-04-17T20:20:01.164003Z,2026-04-17T20:20:07.367671Z,6203.67,3.028,0.58,0.43,0.10,1414.13,4766.97,19.99,4764.62,22.39,4088.77,,671.65,515.11,156.54,188,96.38,100.00,9.399,9.399,39.16,39.16,32,2016,3200,163,short_ref,full,upload_hit,,2.450,2.5321,117644,
47,200,2026-04-17T20:19:55.478417Z,2026-04-17T20:20:07.418206Z,11.939789,bb8e9c37d853,2026-04-17T20:20:01.164398Z,2026-04-17T20:20:07.378813Z,6214.41,3.028,0.85,0.75,0.07,1413.46,4766.97,31.05,4764.62,22.39,4088.77,,671.65,515.11,156.54,188,96.38,100.00,9.399,9.399,39.16,39.16,32,2016,3200,163,short_ref,full,upload_hit,,2.710,2.2931,130124,
48,200,2026-04-17T20:19:55.478623Z,2026-04-17T20:20:07.417142Z,11.938518,1fd9a76e6445,2026-04-17T20:20:01.164127Z,2026-04-17T20:20:07.375761Z,6211.63,3.028,1.24,1.13,0.07,1413.34,4766.97,24.29,4764.62,22.39,4088.77,,671.65,515.11,156.54,188,96.38,100.00,9.399,9.399,39.16,39.16,32,2016,3200,163,short_ref,full,upload_hit,,2.690,2.3092,129164,
49,200,2026-04-17T20:19:55.478838Z,2026-04-17T20:20:07.417043Z,11.938204,f65e024ef8f3,2026-04-17T20:20:01.164643Z,2026-04-17T20:20:07.375588Z,6210.94,3.028,1.05,0.94,0.07,1413.02,4766.97,27.63,4764.62,22.39,4088.77,,671.65,515.11,156.54,188,96.38,100.00,9.399,9.399,39.16,39.16,32,2016,3200,163,short_ref,full,upload_hit,,2.650,2.3438,127244,
50,200,2026-04-17T20:19:55.479038Z,2026-04-17T20:20:07.398001Z,11.91896,eaa4695563dc,2026-04-17T20:20:01.164294Z,2026-04-17T20:20:07.370415Z,6206.12,3.028,1.28,1.16,0.08,1413.14,4766.97,17.04,4764.62,22.39,4088.77,,671.65,515.11,156.54,188,96.38,100.00,9.399,9.399,39.16,39.16,32,2016,3200,163,short_ref,full,upload_hit,,2.720,2.2817,130604,
51,200,2026-04-17T20:19:55.479235Z,2026-04-17T20:20:07.415522Z,11.936287,4e0b03b0c5fe,2026-04-17T20:20:01.166187Z,2026-04-17T20:20:07.374116Z,6207.93,3.028,0.24,0.12,0.09,1412.28,4766.97,26.05,4764.62,22.39,4088.77,,671.65,515.11,156.54,188,96.38,100.00,9.399,9.399,39.16,39.16,32,2016,3200,163,short_ref,full,upload_hit,,2.710,2.2907,130124,
52,200,2026-04-17T20:19:55.479474Z,2026-04-17T20:20:07.418004Z,11.938528,094044e20ad3,2026-04-17T20:20:01.166590Z,2026-04-17T20:20:07.377227Z,6210.64,3.028,0.49,0.27,0.15,1411.64,4766.97,29.11,4764.62,22.39,4088.77,,671.65,515.11,156.54,188,96.38,100.00,9.399,9.399,39.16,39.16,32,2016,3200,163,short_ref,full,upload_hit,,2.690,2.3088,129164,
53,200,2026-04-17T20:19:55.479683Z,2026-04-17T20:20:07.415734Z,11.936049,97e58da05b74,2026-04-17T20:20:01.162914Z,2026-04-17T20:20:07.374307Z,6211.39,3.028,0.39,0.28,0.07,1415.41,4766.97,26.71,4764.62,22.39,4088.77,,671.65,515.11,156.54,188,96.38,100.00,9.399,9.399,39.16,39.16,32,2016,3200,163,short_ref,full,upload_hit,,2.700,2.3005,129644,
54,200,2026-04-17T20:19:55.479883Z,2026-04-17T20:20:02.594494Z,7.114609,3f2571f68efe,2026-04-17T20:19:55.749935Z,2026-04-17T20:20:02.579902Z,6829.97,3.028,4.89,4.75,0.10,5360.84,1451.47,11.82,1447.65,40.61,1021.11,,422.98,385.27,37.71,57,100.00,100.00,9.399,9.399,39.16,39.16,8,504,800,163,short_ref,full,upload_hit,,2.720,2.5110,130604,
55,200,2026-04-17T20:19:55.480074Z,2026-04-17T20:20:02.593859Z,7.113783,5fdb8385515d,2026-04-17T20:19:55.754877Z,2026-04-17T20:20:02.579416Z,6824.54,3.028,0.41,0.28,0.10,5360.38,1451.47,9.85,1447.65,40.61,1021.11,,422.98,385.27,37.71,57,100.00,100.00,9.399,9.399,39.16,39.16,8,504,800,163,short_ref,full,upload_hit,,2.720,2.5090,130604,
56,200,2026-04-17T20:19:55.480284Z,2026-04-17T20:20:07.414177Z,11.933891,68bdf2d93167,2026-04-17T20:20:01.149836Z,2026-04-17T20:20:07.372832Z,6223.00,3.028,0.55,0.39,0.11,1428.33,4766.97,25.71,4764.62,22.39,4088.77,,671.65,515.11,156.54,188,96.38,100.00,9.399,9.399,39.16,39.16,32,2016,3200,163,short_ref,full,upload_hit,,2.640,2.3572,126764,
57,200,2026-04-17T20:19:55.480484Z,2026-04-17T20:20:07.416716Z,11.936231,5b10f2a76c5b,2026-04-17T20:20:01.153695Z,2026-04-17T20:20:07.374482Z,6220.79,3.028,0.26,0.13,0.09,1424.76,4766.97,27.49,4764.62,22.39,4088.77,,671.65,515.11,156.54,188,96.38,100.00,9.399,9.399,39.16,39.16,32,2016,3200,163,short_ref,full,upload_hit,,2.700,2.3040,129644,
58,200,2026-04-17T20:19:55.480678Z,2026-04-17T20:20:07.416942Z,11.936263,c5134e1ecc4c,2026-04-17T20:20:01.154680Z,2026-04-17T20:20:07.374938Z,6220.26,3.028,0.32,0.21,0.07,1423.72,4766.97,27.91,4764.62,22.39,4088.77,,671.65,515.11,156.54,188,96.38,100.00,9.399,9.399,39.16,39.16,32,2016,3200,163,short_ref,full,upload_hit,,2.710,2.2953,130124,
59,200,2026-04-17T20:19:55.480878Z,2026-04-17T20:20:07.371526Z,11.890647,a562f4abd93f,2026-04-17T20:20:01.156659Z,2026-04-17T20:20:07.364189Z,6207.53,3.028,1.22,1.13,0.07,1420.83,4766.97,16.83,4764.62,22.39,4088.77,,671.65,515.11,156.54,188,96.38,100.00,9.399,9.399,39.16,39.16,32,2016,3200,163,short_ref,full,upload_hit,,2.720,2.2822,130604,
60,200,2026-04-17T20:19:55.481071Z,2026-04-17T20:20:07.409236Z,11.928162,ac9eafbb0880,2026-04-17T20:20:01.156146Z,2026-04-17T20:20:07.371924Z,6215.78,3.028,1.39,1.28,0.07,1421.18,4766.97,24.65,4764.62,22.39,4088.77,,671.65,515.11,156.54,188,96.38,100.00,9.399,9.399,39.16,39.16,32,2016,3200,163,short_ref,full,upload_hit,,2.630,2.3634,126284,
61,200,2026-04-17T20:19:55.481262Z,2026-04-17T20:20:07.390238Z,11.908973,281806bf60ab,2026-04-17T20:20:01.156318Z,2026-04-17T20:20:07.369007Z,6212.69,3.028,1.03,0.73,0.22,1421.37,4766.97,21.81,4764.62,22.39,4088.77,,671.65,515.11,156.54,188,96.38,100.00,9.399,9.399,39.16,39.16,32,2016,3200,163,short_ref,full,upload_hit,,2.640,2.3533,126764,
62,200,2026-04-17T20:19:55.481511Z,2026-04-17T20:20:02.579394Z,7.097881,eb33a1d64f66,2026-04-17T20:19:56.331592Z,2026-04-17T20:20:02.573549Z,6241.96,3.028,0.57,0.38,0.14,4783.51,1451.47,4.36,1447.65,40.61,1021.11,,422.98,385.27,37.71,57,100.00,100.00,9.399,9.399,39.16,39.16,8,504,800,163,short_ref,full,upload_hit,,2.700,2.3118,129644,
63,200,2026-04-17T20:19:55.481707Z,2026-04-17T20:20:02.581031Z,7.099322,d82aac94321b,2026-04-17T20:19:56.338906Z,2026-04-17T20:20:02.574064Z,6235.16,3.028,0.50,0.27,0.16,4776.27,1451.47,5.89,1447.65,40.61,1021.11,,422.98,385.27,37.71,57,100.00,100.00,9.399,9.399,39.16,39.16,8,504,800,163,short_ref,full,upload_hit,,2.650,2.3529,127244,
64,200,2026-04-17T20:19:55.481906Z,2026-04-17T20:20:02.593404Z,7.111496,c88cc19c9321,2026-04-17T20:19:56.339033Z,2026-04-17T20:20:02.579205Z,6240.17,3.028,0.93,0.72,0.15,4775.71,1451.47,10.85,1447.65,40.61,1021.11,,422.98,385.27,37.71,57,100.00,100.00,9.399,9.399,39.16,39.16,8,504,800,163,short_ref,full,upload_hit,,2.680,2.3284,128684,
65,200,2026-04-17T20:19:55.482103Z,2026-04-17T20:20:07.415302Z,11.933198,349b010270b9,2026-04-17T20:20:01.165082Z,2026-04-17T20:20:07.373387Z,6208.31,3.028,1.04,0.80,0.16,1412.59,4766.97,25.38,4764.62,22.39,4088.77,,671.65,515.11,156.54,188,96.38,100.00,9.399,9.399,39.16,39.16,32,2016,3200,163,short_ref,full,upload_hit,,2.710,2.2909,130124,
66,200,2026-04-17T20:19:55.482297Z,2026-04-17T20:20:07.369238Z,11.886938,c45ef4298875,2026-04-17T20:20:01.135959Z,2026-04-17T20:20:07.363316Z,6227.36,3.028,1.27,1.07,0.15,1441.49,4766.97,16.78,4764.62,22.39,4088.77,,671.65,515.11,156.54,188,96.38,100.00,9.399,9.399,39.16,39.16,32,2016,3200,163,short_ref,full,upload_hit,,2.580,2.4137,123884,
67,200,2026-04-17T20:19:55.482508Z,2026-04-17T20:20:07.416834Z,11.934325,67afa8ff8127,2026-04-17T20:20:01.136805Z,2026-04-17T20:20:07.374715Z,6237.91,3.028,0.72,0.52,0.16,1441.19,4766.97,25.23,4764.62,22.39,4088.77,,671.65,515.11,156.54,188,96.38,100.00,9.399,9.399,39.16,39.16,32,2016,3200,163,short_ref,full,upload_hit,,2.710,2.3018,130124,
68,200,2026-04-17T20:19:55.482710Z,2026-04-17T20:20:07.373406Z,11.890695,783a2b476301,2026-04-17T20:20:01.141307Z,2026-04-17T20:20:07.365909Z,6224.60,3.028,0.32,0.14,0.13,1437.09,4766.97,19.30,4764.62,22.39,4088.77,,671.65,515.11,156.54,188,96.38,100.00,9.399,9.399,39.16,39.16,32,2016,3200,163,short_ref,full,upload_hit,,2.710,2.2969,130124,
69,200,2026-04-17T20:19:55.482910Z,2026-04-17T20:20:07.418109Z,11.935199,be1212e3ef34,2026-04-17T20:20:01.140594Z,2026-04-17T20:20:07.377872Z,6237.28,3.028,0.58,0.37,0.14,1437.55,4766.97,31.17,4764.62,22.39,4088.77,,671.65,515.11,156.54,188,96.38,100.00,9.399,9.399,39.16,39.16,32,2016,3200,163,short_ref,full,upload_hit,,2.700,2.3101,129644,
70,200,2026-04-17T20:19:55.483109Z,2026-04-17T20:20:07.417798Z,11.934688,46d5070f644a,2026-04-17T20:20:01.142039Z,2026-04-17T20:20:07.376426Z,6234.39,3.028,0.66,0.52,0.09,1436.02,4766.97,26.42,4764.62,22.39,4088.77,,671.65,515.11,156.54,188,96.38,100.00,9.399,9.399,39.16,39.16,32,2016,3200,163,short_ref,full,upload_hit,,2.690,2.3176,129164,
71,200,2026-04-17T20:19:55.483348Z,2026-04-17T20:20:07.402909Z,11.91956,1ece41bad412,2026-04-17T20:20:01.146538Z,2026-04-17T20:20:07.370847Z,6224.31,3.028,0.58,0.35,0.18,1431.59,4766.97,23.95,4764.62,22.39,4088.77,,671.65,515.11,156.54,188,96.38,100.00,9.399,9.399,39.16,39.16,32,2016,3200,163,short_ref,full,upload_hit,,2.590,2.4032,124364,
72,200,2026-04-17T20:19:55.483551Z,2026-04-17T20:20:07.415414Z,11.931863,8d948e7eff4e,2026-04-17T20:20:01.146841Z,2026-04-17T20:20:07.373718Z,6226.88,3.028,0.49,0.38,0.08,1431.38,4766.97,21.49,4764.62,22.39,4088.77,,671.65,515.11,156.54,188,96.38,100.00,9.399,9.399,39.16,39.16,32,2016,3200,163,short_ref,full,upload_hit,,2.720,2.2893,130604,
73,200,2026-04-17T20:19:55.483738Z,2026-04-17T20:20:07.414295Z,11.930556,45949234056e,2026-04-17T20:20:01.146637Z,2026-04-17T20:20:07.373172Z,6226.53,3.028,0.86,0.72,0.10,1431.22,4766.97,23.21,4764.62,22.39,4088.77,,671.65,515.11,156.54,188,96.38,100.00,9.399,9.399,39.16,39.16,32,2016,3200,163,short_ref,full,upload_hit,,2.690,2.3147,129164,
74,200,2026-04-17T20:19:55.483934Z,2026-04-17T20:20:07.413092Z,11.929157,1efdcf4b9115,2026-04-17T20:20:01.148423Z,2026-04-17T20:20:07.372540Z,6224.12,3.028,0.44,0.33,0.07,1429.85,4766.97,22.03,4764.62,22.39,4088.77,,671.65,515.11,156.54,188,96.38,100.00,9.399,9.399,39.16,39.16,32,2016,3200,163,short_ref,full,upload_hit,,2.710,2.2967,130124,
75,200,2026-04-17T20:19:55.484132Z,2026-04-17T20:20:07.394738Z,11.910603,a9a2dc9e2449,2026-04-17T20:20:01.156734Z,2026-04-17T20:20:07.369496Z,6212.76,3.028,1.49,1.36,0.09,1420.49,4766.97,22.09,4764.62,22.39,4088.77,,671.65,515.11,156.54,188,96.38,100.00,9.399,9.399,39.16,39.16,32,2016,3200,163,short_ref,full,upload_hit,,2.700,2.3010,129644,
76,200,2026-04-17T20:19:55.484320Z,2026-04-17T20:20:08.818497Z,13.334174,540f296e2c77,2026-04-17T20:20:02.577278Z,2026-04-17T20:20:08.815155Z,6237.88,3.028,0.87,0.62,0.18,4778.46,1454.79,3.15,1452.82,37.06,1019.27,,429.94,393.28,36.67,58,100.00,100.00,9.399,9.399,39.16,39.16,8,504,800,163,short_ref,full,upload_hit,,2.690,2.3189,129164,
77,200,2026-04-17T20:19:55.484519Z,2026-04-17T20:20:08.828176Z,13.343655,c88a7650218a,2026-04-17T20:20:02.586085Z,2026-04-17T20:20:08.818850Z,6232.76,3.028,0.69,0.43,0.18,4769.83,1454.79,6.77,1452.82,37.06,1019.27,,429.94,393.28,36.67,58,100.00,100.00,9.399,9.399,39.16,39.16,8,504,800,163,short_ref,full,upload_hit,,2.710,2.2999,130124,
78,200,2026-04-17T20:19:55.484725Z,2026-04-17T20:20:08.826347Z,13.34162,082103b0f629,2026-04-17T20:20:02.580596Z,2026-04-17T20:20:08.815912Z,6235.32,3.028,5.00,4.71,0.21,4771.01,1454.79,3.72,1452.82,37.06,1019.27,,429.94,393.28,36.67,58,100.00,100.00,9.399,9.399,39.16,39.16,8,504,800,163,short_ref,full,upload_hit,,2.710,2.3009,130124,
79,200,2026-04-17T20:19:55.484929Z,2026-04-17T20:20:08.827156Z,13.342226,59c4b79e4b14,2026-04-17T20:20:02.588787Z,2026-04-17T20:20:08.817339Z,6228.55,3.028,0.27,0.13,0.10,4767.54,1454.79,5.00,1452.82,37.06,1019.27,,429.94,393.28,36.67,58,100.00,100.00,9.399,9.399,39.16,39.16,8,504,800,163,short_ref,full,upload_hit,,2.650,2.3504,127244,
80,200,2026-04-17T20:19:55.485125Z,2026-04-17T20:20:08.827911Z,13.342785,e4ecc332b4b0,2026-04-17T20:20:02.588698Z,2026-04-17T20:20:08.817938Z,6229.24,3.028,0.77,0.57,0.14,4767.13,1454.79,5.64,1452.82,37.06,1019.27,,429.94,393.28,36.67,58,100.00,100.00,9.399,9.399,39.16,39.16,8,504,800,163,short_ref,full,upload_hit,,2.700,2.3071,129644,
81,200,2026-04-17T20:19:55.485366Z,2026-04-17T20:20:08.823099Z,13.337732,b8c8f21f03e5,2026-04-17T20:20:02.591778Z,2026-04-17T20:20:08.815603Z,6223.82,3.028,0.59,0.39,0.14,4764.24,1454.79,2.32,1452.82,37.06,1019.27,,429.94,393.28,36.67,58,100.00,100.00,9.399,9.399,39.16,39.16,8,504,800,163,short_ref,full,upload_hit,,2.550,2.4407,122444,
82,200,2026-04-17T20:19:55.485563Z,2026-04-17T20:20:11.172919Z,15.687354,56be13ef915c,2026-04-17T20:20:07.372709Z,2026-04-17T20:20:11.168018Z,3795.31,3.028,1.36,1.17,0.13,1448.09,2338.62,6.54,2338.26,8.37,1874.28,,460.15,390.45,69.70,92,100.00,100.00,9.399,9.399,39.16,39.16,16,1008,1600,163,short_ref,full,upload_hit,,2.650,1.4322,127244,
83,200,2026-04-17T20:19:55.485757Z,2026-04-17T20:20:11.178142Z,15.692384,aaaea2bcbf8f,2026-04-17T20:20:07.375970Z,2026-04-17T20:20:11.169202Z,3793.23,3.028,0.79,0.66,0.09,1445.39,2338.62,7.65,2338.26,8.37,1874.28,,460.15,390.45,69.70,92,100.00,100.00,9.399,9.399,39.16,39.16,16,1008,1600,163,short_ref,full,upload_hit,,2.680,1.4154,128684,
84,200,2026-04-17T20:19:55.485953Z,2026-04-17T20:20:11.174346Z,15.688392,c5756d6b0d66,2026-04-17T20:20:07.377668Z,2026-04-17T20:20:11.168541Z,3790.87,3.028,0.60,0.38,0.17,1443.89,2338.62,6.95,2338.26,8.37,1874.28,,460.15,390.45,69.70,92,100.00,100.00,9.399,9.399,39.16,39.16,16,1008,1600,163,short_ref,full,upload_hit,,2.610,1.4524,125324,
85,200,2026-04-17T20:19:55.486151Z,2026-04-17T20:20:11.185229Z,15.699077,0e1387cedfbc,2026-04-17T20:20:07.379633Z,2026-04-17T20:20:11.172153Z,3792.52,3.028,0.69,0.48,0.16,1441.83,2338.62,9.54,2338.26,8.37,1874.28,,460.15,390.45,69.70,92,100.00,100.00,9.399,9.399,39.16,39.16,16,1008,1600,163,short_ref,full,upload_hit,,2.720,1.3943,130604,
86,200,2026-04-17T20:19:55.486355Z,2026-04-17T20:20:11.176192Z,15.689836,47eaa43cc321,2026-04-17T20:20:07.381315Z,2026-04-17T20:20:11.168724Z,3787.41,3.028,1.03,0.85,0.12,1439.83,2338.62,7.09,2338.26,8.37,1874.28,,460.15,390.45,69.70,92,100.00,100.00,9.399,9.399,39.16,39.16,16,1008,1600,163,short_ref,full,upload_hit,,2.540,1.4911,121964,
87,200,2026-04-17T20:19:55.486572Z,2026-04-17T20:20:11.186960Z,15.700386,4231754f4ae1,2026-04-17T20:20:07.382019Z,2026-04-17T20:20:11.173775Z,3791.76,3.028,0.78,0.67,0.07,1439.36,2338.62,11.98,2338.26,8.37,1874.28,,460.15,390.45,69.70,92,100.00,100.00,9.399,9.399,39.16,39.16,16,1008,1600,163,short_ref,full,upload_hit,,2.720,1.3940,130604,
88,200,2026-04-17T20:19:55.486772Z,2026-04-17T20:20:08.828612Z,13.341838,2a643f5c2754,2026-04-17T20:20:02.592118Z,2026-04-17T20:20:08.819372Z,6227.25,3.028,0.52,0.35,0.12,4763.96,1454.79,5.44,1452.82,37.06,1019.27,,429.94,393.28,36.67,58,100.00,100.00,9.399,9.399,39.16,39.16,8,504,800,163,short_ref,full,upload_hit,,2.620,2.3768,125804,
89,200,2026-04-17T20:19:55.486971Z,2026-04-17T20:20:08.827641Z,13.340668,3b9c31715d9b,2026-04-17T20:20:02.591681Z,2026-04-17T20:20:08.817017Z,6225.34,3.028,0.34,0.20,0.09,4764.58,1454.79,4.77,1452.82,37.06,1019.27,,429.94,393.28,36.67,58,100.00,100.00,9.399,9.399,39.16,39.16,8,504,800,163,short_ref,full,upload_hit,,2.700,2.3057,129644,
90,200,2026-04-17T20:19:55.487162Z,2026-04-17T20:20:11.176681Z,15.689517,1e722c25531f,2026-04-17T20:20:07.368176Z,2026-04-17T20:20:11.168896Z,3800.72,3.028,2.17,2.01,0.11,1451.81,2338.62,7.48,2338.26,8.37,1874.28,,460.15,390.45,69.70,92,100.00,100.00,9.399,9.399,39.16,39.16,16,1008,1600,163,short_ref,full,upload_hit,,2.700,1.4077,129644,
91,200,2026-04-17T20:19:55.487406Z,2026-04-17T20:20:11.184287Z,15.696879,123f89ff30f8,2026-04-17T20:20:07.385829Z,2026-04-17T20:20:11.171400Z,3785.57,3.028,0.69,0.42,0.20,1435.64,2338.62,7.73,2338.26,8.37,1874.28,,460.15,390.45,69.70,92,100.00,100.00,9.399,9.399,39.16,39.16,16,1008,1600,163,short_ref,full,upload_hit,,2.690,1.4073,129164,
92,200,2026-04-17T20:19:55.487604Z,2026-04-17T20:20:11.183122Z,15.695517,0b2a6223ade7,2026-04-17T20:20:07.386189Z,2026-04-17T20:20:11.170737Z,3784.55,3.028,0.65,0.49,0.11,1435.32,2338.62,8.83,2338.26,8.37,1874.28,,460.15,390.45,69.70,92,100.00,100.00,9.399,9.399,39.16,39.16,16,1008,1600,163,short_ref,full,upload_hit,,2.710,1.3965,130124,
93,200,2026-04-17T20:19:55.487801Z,2026-04-17T20:20:11.171576Z,15.683773,7bd83d04d95a,2026-04-17T20:20:07.388287Z,2026-04-17T20:20:11.167638Z,3779.35,3.028,0.68,0.51,0.13,1433.19,2338.62,5.88,2338.26,8.37,1874.28,,460.15,390.45,69.70,92,100.00,100.00,9.399,9.399,39.16,39.16,16,1008,1600,163,short_ref,full,upload_hit,,2.710,1.3946,130124,
94,200,2026-04-17T20:19:55.488007Z,2026-04-17T20:20:11.186241Z,15.698233,274184449633,2026-04-17T20:20:07.388639Z,2026-04-17T20:20:11.172796Z,3784.16,3.028,0.76,0.62,0.10,1432.76,2338.62,9.71,2338.26,8.37,1874.28,,460.15,390.45,69.70,92,100.00,100.00,9.399,9.399,39.16,39.16,16,1008,1600,163,short_ref,full,upload_hit,,2.700,1.4015,129644,
95,200,2026-04-17T20:19:55.488209Z,2026-04-17T20:20:11.183952Z,15.695741,377e288af291,2026-04-17T20:20:07.390517Z,2026-04-17T20:20:11.171262Z,3780.74,3.028,0.39,0.26,0.09,1431.25,2338.62,9.28,2338.26,8.37,1874.28,,460.15,390.45,69.70,92,100.00,100.00,9.399,9.399,39.16,39.16,16,1008,1600,163,short_ref,full,upload_hit,,2.680,1.4107,128684,
96,200,2026-04-17T20:19:55.488410Z,2026-04-17T20:20:11.186633Z,15.698222,cc97bab4e7ea,2026-04-17T20:20:07.390601Z,2026-04-17T20:20:11.173161Z,3782.56,3.028,0.64,0.52,0.09,1430.91,2338.62,11.10,2338.26,8.37,1874.28,,460.15,390.45,69.70,92,100.00,100.00,9.399,9.399,39.16,39.16,16,1008,1600,163,short_ref,full,upload_hit,,2.710,1.3958,130124,
97,200,2026-04-17T20:19:55.488604Z,2026-04-17T20:20:11.180832Z,15.692227,dd3b8244e624,2026-04-17T20:20:07.394351Z,2026-04-17T20:20:11.170437Z,3776.09,3.028,0.34,0.22,0.09,1427.46,2338.62,8.32,2338.26,8.37,1874.28,,460.15,390.45,69.70,92,100.00,100.00,9.399,9.399,39.16,39.16,16,1008,1600,163,short_ref,full,upload_hit,,2.710,1.3934,130124,
98,200,2026-04-17T20:19:55.488812Z,2026-04-17T20:20:11.184941Z,15.696127,7afc662b5d31,2026-04-17T20:20:07.394518Z,2026-04-17T20:20:11.171876Z,3777.36,3.028,0.41,0.26,0.11,1427.23,2338.62,9.71,2338.26,8.37,1874.28,,460.15,390.45,69.70,92,100.00,100.00,9.399,9.399,39.16,39.16,16,1008,1600,163,short_ref,full,upload_hit,,2.630,1.4363,126284,
99,200,2026-04-17T20:19:55.489010Z,2026-04-17T20:20:11.185873Z,15.696861,9e3ea8af9a84,2026-04-17T20:20:07.395713Z,2026-04-17T20:20:11.172337Z,3776.62,3.028,0.38,0.22,0.11,1426.06,2338.62,9.77,2338.26,8.37,1874.28,,460.15,390.45,69.70,92,100.00,100.00,9.399,9.399,39.16,39.16,16,1008,1600,163,short_ref,full,upload_hit,,2.700,1.3987,129644,
