index,status,local_started_at,local_finished_at,elapsed_s,request_id,started_at,finished_at,latency_ms,pre_batch_ms,prompt_prepare_ms,batch_estimate_ms,queue_wait_ms,batch_exec_ms,response_encode_ms,batch_requests,batch_target_tokens,batch_conditioning_tokens,batch_max_sequence_length,batch_lane,prompt_source,prompt_id,audio_duration_s,rtf,content_bytes,error
0,200,2026-04-17T15:46:47.650455Z,2026-04-17T15:46:48.082719Z,0.432261,86efa05358f1,2026-04-17T15:46:47.712355Z,2026-04-17T15:46:48.079523Z,367.17,1.04,0.73,0.22,4.77,360.24,0.87,2,126,200,163,short_ref,upload_hit,,2.700,0.1360,129644,
1,200,2026-04-17T15:46:47.650776Z,2026-04-17T15:46:48.083050Z,0.432272,57329f12c8a3,2026-04-17T15:46:47.717318Z,2026-04-17T15:46:48.079750Z,362.43,0.76,0.65,0.08,0.08,360.24,1.05,2,126,200,163,short_ref,upload_hit,,2.710,0.1337,130124,
2,200,2026-04-17T15:46:47.650992Z,2026-04-17T15:46:53.512973Z,5.86198,a81642d00b4d,2026-04-17T15:46:47.760720Z,2026-04-17T15:46:53.475576Z,5714.86,0.32,0.19,0.10,320.33,5364.82,28.45,32,2016,3200,163,short_ref,upload_hit,,2.710,2.1088,130124,
3,200,2026-04-17T15:46:47.651197Z,2026-04-17T15:46:53.480653Z,5.829454,cce103442731,2026-04-17T15:46:47.753947Z,2026-04-17T15:46:53.467162Z,5713.22,0.57,0.29,0.22,326.86,5364.82,20.31,32,2016,3200,163,short_ref,upload_hit,,2.690,2.1239,129164,
4,200,2026-04-17T15:46:47.651396Z,2026-04-17T15:46:53.490674Z,5.839276,1f79d3005396,2026-04-17T15:46:47.727228Z,2026-04-17T15:46:53.469887Z,5742.66,0.92,0.66,0.18,353.23,5364.82,23.15,32,2016,3200,163,short_ref,upload_hit,,2.700,2.1269,129644,
5,200,2026-04-17T15:46:47.651598Z,2026-04-17T15:46:53.513178Z,5.861579,03715eef4c12,2026-04-17T15:46:47.769160Z,2026-04-17T15:46:53.476760Z,5707.60,0.38,0.24,0.10,311.83,5364.82,29.48,32,2016,3200,163,short_ref,upload_hit,,2.700,2.1139,129644,
6,200,2026-04-17T15:46:47.651794Z,2026-04-17T15:46:53.492729Z,5.840932,0de934f96245,2026-04-17T15:46:47.763282Z,2026-04-17T15:46:53.470233Z,5706.95,0.35,0.20,0.10,317.74,5364.82,23.03,32,2016,3200,163,short_ref,upload_hit,,2.690,2.1215,129164,
7,200,2026-04-17T15:46:47.651990Z,2026-04-17T15:46:53.487447Z,5.835454,0f23fdd4a202,2026-04-17T15:46:47.733945Z,2026-04-17T15:46:53.469717Z,5735.77,0.46,0.32,0.11,346.96,5364.82,22.93,32,2016,3200,163,short_ref,upload_hit,,2.690,2.1323,129164,
8,200,2026-04-17T15:46:47.652190Z,2026-04-17T15:46:53.498987Z,5.846794,3f5da8f429e2,2026-04-17T15:46:47.772372Z,2026-04-17T15:46:53.471047Z,5698.67,0.78,0.43,0.27,308.22,5364.82,20.13,32,2016,3200,163,short_ref,upload_hit,,2.700,2.1106,129644,
9,200,2026-04-17T15:46:47.652393Z,2026-04-17T15:46:53.508358Z,5.855964,44b34c1389ac,2026-04-17T15:46:47.778369Z,2026-04-17T15:46:53.472907Z,5694.54,3.31,3.10,0.17,299.69,5364.82,21.45,32,2016,3200,163,short_ref,upload_hit,,2.720,2.0936,130604,
10,200,2026-04-17T15:46:47.652594Z,2026-04-17T15:46:53.477664Z,5.825067,4db53d3e0b47,2026-04-17T15:46:47.760015Z,2026-04-17T15:46:53.465811Z,5705.80,0.60,0.34,0.21,320.75,5364.82,18.83,32,2016,3200,163,short_ref,upload_hit,,2.710,2.1055,130124,
11,200,2026-04-17T15:46:47.652789Z,2026-04-17T15:46:53.482808Z,5.830016,f1125296d8d7,2026-04-17T15:46:47.769596Z,2026-04-17T15:46:53.468714Z,5699.12,0.48,0.30,0.14,311.30,5364.82,18.67,32,2016,3200,163,short_ref,upload_hit,,2.720,2.0953,130604,
12,200,2026-04-17T15:46:47.653064Z,2026-04-17T15:46:53.511767Z,5.858702,04b014b1c96a,2026-04-17T15:46:47.768620Z,2026-04-17T15:46:53.473605Z,5704.98,0.50,0.28,0.17,312.25,5364.82,26.53,32,2016,3200,163,short_ref,upload_hit,,2.660,2.1447,127724,
13,200,2026-04-17T15:46:47.653264Z,2026-04-17T15:46:53.504321Z,5.851055,068ce1e7aefa,2026-04-17T15:46:47.777676Z,2026-04-17T15:46:53.471408Z,5693.73,0.50,0.29,0.16,303.20,5364.82,23.95,32,2016,3200,163,short_ref,upload_hit,,2.710,2.1010,130124,
14,200,2026-04-17T15:46:47.653461Z,2026-04-17T15:46:53.509935Z,5.856473,e91c32049ae4,2026-04-17T15:46:47.781764Z,2026-04-17T15:46:53.472999Z,5691.23,0.48,0.24,0.19,299.12,5364.82,23.98,32,2016,3200,163,short_ref,upload_hit,,2.710,2.1001,130124,
15,200,2026-04-17T15:46:47.653661Z,2026-04-17T15:46:53.514023Z,5.86036,3050ad335fda,2026-04-17T15:46:47.786939Z,2026-04-17T15:46:53.477571Z,5690.63,0.68,0.55,0.09,293.76,5364.82,26.05,32,2016,3200,163,short_ref,upload_hit,,2.700,2.1076,129644,
16,200,2026-04-17T15:46:47.653855Z,2026-04-17T15:46:53.510015Z,5.856159,956d4d70fe8d,2026-04-17T15:46:47.787810Z,2026-04-17T15:46:53.473082Z,5685.27,0.77,0.50,0.20,292.79,5364.82,24.01,32,2016,3200,163,short_ref,upload_hit,,2.700,2.1057,129644,
17,200,2026-04-17T15:46:47.654056Z,2026-04-17T15:46:53.510089Z,5.856032,46672cdf7954,2026-04-17T15:46:47.788208Z,2026-04-17T15:46:53.473477Z,5685.27,0.62,0.50,0.09,292.54,5364.82,25.77,32,2016,3200,163,short_ref,upload_hit,,2.710,2.0979,130124,
18,200,2026-04-17T15:46:47.654249Z,2026-04-17T15:46:53.514879Z,5.860629,919999db4735,2026-04-17T15:46:47.792123Z,2026-04-17T15:46:53.481093Z,5688.97,0.53,0.31,0.17,288.72,5364.82,33.31,32,2016,3200,163,short_ref,upload_hit,,2.700,2.1070,129644,
19,200,2026-04-17T15:46:47.654461Z,2026-04-17T15:46:53.487584Z,5.833122,eba648422d80,2026-04-17T15:46:47.797346Z,2026-04-17T15:46:53.469190Z,5671.84,0.35,0.21,0.09,283.68,5364.82,21.34,32,2016,3200,163,short_ref,upload_hit,,2.320,2.4448,111404,
20,200,2026-04-17T15:46:47.654655Z,2026-04-17T15:46:53.514087Z,5.859431,effb41a4b0ff,2026-04-17T15:46:47.797758Z,2026-04-17T15:46:53.477917Z,5680.16,0.55,0.44,0.08,283.06,5364.82,30.03,32,2016,3200,163,short_ref,upload_hit,,2.650,2.1435,127244,
21,200,2026-04-17T15:46:47.654839Z,2026-04-17T15:46:53.511921Z,5.85708,1e799c3ae725,2026-04-17T15:46:47.798068Z,2026-04-17T15:46:53.475436Z,5677.37,0.50,0.33,0.12,282.80,5364.82,24.36,32,2016,3200,163,short_ref,upload_hit,,2.700,2.1027,129644,
22,200,2026-04-17T15:46:47.655088Z,2026-04-17T15:46:53.514149Z,5.859059,ffb3677fa8a8,2026-04-17T15:46:47.798806Z,2026-04-17T15:46:53.478013Z,5679.21,2.83,2.69,0.11,279.74,5364.82,27.00,32,2016,3200,163,short_ref,upload_hit,,2.700,2.1034,129644,
23,200,2026-04-17T15:46:47.655297Z,2026-04-17T15:46:53.511853Z,5.856554,2884f49bf1bc,2026-04-17T15:46:47.801720Z,2026-04-17T15:46:53.473697Z,5671.98,0.40,0.19,0.17,279.24,5364.82,25.64,32,2016,3200,163,short_ref,upload_hit,,2.710,2.0930,130124,
24,200,2026-04-17T15:46:47.655503Z,2026-04-17T15:46:53.504489Z,5.848985,e0cced471cd4,2026-04-17T15:46:47.811315Z,2026-04-17T15:46:53.471505Z,5660.19,0.71,0.58,0.09,269.35,5364.82,23.25,32,2016,3200,163,short_ref,upload_hit,,2.700,2.0964,129644,
25,200,2026-04-17T15:46:47.655691Z,2026-04-17T15:46:53.513047Z,5.857355,87a2dd07e53c,2026-04-17T15:46:47.805513Z,2026-04-17T15:46:53.475761Z,5670.25,0.44,0.20,0.18,275.42,5364.82,26.49,32,2016,3200,163,short_ref,upload_hit,,2.710,2.0923,130124,
26,200,2026-04-17T15:46:47.655886Z,2026-04-17T15:46:53.513957Z,5.858069,39dc29b28cf5,2026-04-17T15:46:47.807271Z,2026-04-17T15:46:53.477162Z,5669.89,0.46,0.31,0.12,273.64,5364.82,27.84,32,2016,3200,163,short_ref,upload_hit,,2.710,2.0922,130124,
27,200,2026-04-17T15:46:47.656082Z,2026-04-17T15:46:53.493922Z,5.837839,1fb59e59de3e,2026-04-17T15:46:47.807786Z,2026-04-17T15:46:53.470772Z,5662.99,3.91,3.70,0.16,269.68,5364.82,22.57,32,2016,3200,163,short_ref,upload_hit,,2.630,2.1532,126284,
28,200,2026-04-17T15:46:47.656272Z,2026-04-17T15:46:53.508274Z,5.852001,75b3a967c9d7,2026-04-17T15:46:47.816193Z,2026-04-17T15:46:53.471833Z,5655.64,0.66,0.48,0.14,264.51,5364.82,23.45,32,2016,3200,163,short_ref,upload_hit,,2.720,2.0793,130604,
29,200,2026-04-17T15:46:47.656471Z,2026-04-17T15:46:53.514517Z,5.858044,6e692cccc759,2026-04-17T15:46:47.816567Z,2026-04-17T15:46:53.479377Z,5662.81,0.58,0.43,0.11,264.22,5364.82,31.06,32,2016,3200,163,short_ref,upload_hit,,2.710,2.0896,130124,
30,200,2026-04-17T15:46:47.656662Z,2026-04-17T15:46:53.513116Z,5.856452,b8438d8e1dec,2026-04-17T15:46:47.817198Z,2026-04-17T15:46:53.476048Z,5658.85,0.34,0.18,0.12,263.84,5364.82,27.57,32,2016,3200,163,short_ref,upload_hit,,2.710,2.0881,130124,
31,200,2026-04-17T15:46:47.656859Z,2026-04-17T15:46:53.513880Z,5.85702,55d7005a1ebb,2026-04-17T15:46:47.817756Z,2026-04-17T15:46:53.476955Z,5659.20,0.39,0.21,0.13,263.23,5364.82,28.41,32,2016,3200,163,short_ref,upload_hit,,2.710,2.0883,130124,
32,200,2026-04-17T15:46:47.657108Z,2026-04-17T15:46:53.514809Z,5.8577,51c0d168fb3e,2026-04-17T15:46:47.818265Z,2026-04-17T15:46:53.480004Z,5661.74,2.82,2.65,0.12,260.29,5364.82,31.39,32,2016,3200,163,short_ref,upload_hit,,2.540,2.2290,121964,
33,200,2026-04-17T15:46:47.657309Z,2026-04-17T15:46:53.493725Z,5.836412,730eb82d0ae4,2026-04-17T15:46:47.860511Z,2026-04-17T15:46:53.470432Z,5609.92,1.21,0.87,0.26,219.66,5364.82,21.72,32,2016,3200,163,short_ref,upload_hit,,2.710,2.0701,130124,
34,200,2026-04-17T15:46:47.657511Z,2026-04-17T15:46:55.275868Z,7.618355,d52167b5494c,2026-04-17T15:46:47.866061Z,2026-04-17T15:46:55.265741Z,7399.68,0.59,0.31,0.23,5590.55,1804.14,3.56,8,504,800,163,short_ref,upload_hit,,2.710,2.7305,130124,
35,200,2026-04-17T15:46:47.657708Z,2026-04-17T15:46:55.280034Z,7.622324,d8b621f6e250,2026-04-17T15:46:47.869437Z,2026-04-17T15:46:55.266972Z,7397.54,0.97,0.80,0.13,5586.80,1804.14,5.08,8,504,800,163,short_ref,upload_hit,,2.670,2.7706,128204,
36,200,2026-04-17T15:46:47.657904Z,2026-04-17T15:46:55.274718Z,7.616812,9bf1e9a875ec,2026-04-17T15:46:47.869786Z,2026-04-17T15:46:55.265575Z,7395.79,0.43,0.18,0.19,5586.99,1804.14,3.77,8,504,800,163,short_ref,upload_hit,,2.710,2.7291,130124,
37,200,2026-04-17T15:46:47.658096Z,2026-04-17T15:46:55.268928Z,7.610831,9aaf39c03a11,2026-04-17T15:46:47.889388Z,2026-04-17T15:46:55.265490Z,7376.10,0.73,0.53,0.16,5567.08,1804.14,3.55,8,504,800,163,short_ref,upload_hit,,2.710,2.7218,130124,
38,200,2026-04-17T15:46:47.658295Z,2026-04-17T15:46:55.280598Z,7.622302,ed24721a109e,2026-04-17T15:46:47.889734Z,2026-04-17T15:46:55.273070Z,7383.34,5.65,5.49,0.12,5561.82,1804.14,11.00,8,504,800,163,short_ref,upload_hit,,2.710,2.7245,130124,
39,200,2026-04-17T15:46:47.658500Z,2026-04-17T15:46:55.280192Z,7.621691,28c9894c3d28,2026-04-17T15:46:47.895424Z,2026-04-17T15:46:55.272691Z,7377.27,5.36,5.25,0.09,5556.42,1804.14,10.69,8,504,800,163,short_ref,upload_hit,,2.530,2.9159,121484,
40,200,2026-04-17T15:46:47.658700Z,2026-04-17T15:46:55.279042Z,7.620339,159d8078eab3,2026-04-17T15:46:48.080900Z,2026-04-17T15:46:55.266685Z,7185.78,0.34,0.15,0.14,5375.97,1804.14,5.00,8,504,800,163,short_ref,upload_hit,,2.690,2.6713,129164,
41,200,2026-04-17T15:46:47.658898Z,2026-04-17T15:47:00.151826Z,12.492927,473443f46def,2026-04-17T15:46:53.478959Z,2026-04-17T15:47:00.094056Z,6615.10,0.77,0.59,0.13,1788.46,4797.82,27.55,32,2016,3200,163,short_ref,upload_hit,,2.510,2.6355,120524,
42,200,2026-04-17T15:46:47.659989Z,2026-04-17T15:47:00.151170Z,12.491179,0ead67a23245,2026-04-17T15:46:53.507070Z,2026-04-17T15:47:00.091250Z,6584.18,1.62,1.39,0.17,1759.50,4797.82,22.69,32,2016,3200,163,short_ref,upload_hit,,2.690,2.4477,129164,
43,200,2026-04-17T15:46:47.660204Z,2026-04-17T15:47:00.151612Z,12.491407,8faedbaf7a24,2026-04-17T15:46:53.506484Z,2026-04-17T15:47:00.093491Z,6587.01,0.94,0.81,0.10,1760.77,4797.82,25.93,32,2016,3200,163,short_ref,upload_hit,,2.710,2.4306,130124,
44,200,2026-04-17T15:46:47.660411Z,2026-04-17T15:47:00.151047Z,12.490635,0141a8c1a056,2026-04-17T15:46:53.491579Z,2026-04-17T15:47:00.090970Z,6599.39,0.44,0.23,0.15,1776.17,4797.82,23.99,32,2016,3200,163,short_ref,upload_hit,,2.650,2.4903,127244,
45,200,2026-04-17T15:46:47.660615Z,2026-04-17T15:47:00.113190Z,12.452572,2089ec2758c0,2026-04-17T15:46:53.501334Z,2026-04-17T15:47:00.084242Z,6582.91,0.91,0.70,0.15,1765.95,4797.82,16.08,32,2016,3200,163,short_ref,upload_hit,,2.710,2.4291,130124,
46,200,2026-04-17T15:46:47.660804Z,2026-04-17T15:47:00.122380Z,12.461574,6ba3e728f893,2026-04-17T15:46:53.501996Z,2026-04-17T15:47:00.084912Z,6582.92,2.88,2.77,0.07,1763.32,4797.82,17.39,32,2016,3200,163,short_ref,upload_hit,,2.700,2.4381,129644,
47,200,2026-04-17T15:46:47.660997Z,2026-04-17T15:47:00.095154Z,12.434155,1eb9866c8d87,2026-04-17T15:46:53.501444Z,2026-04-17T15:47:00.082678Z,6581.23,1.61,1.50,0.07,1765.14,4797.82,14.43,32,2016,3200,163,short_ref,upload_hit,,2.700,2.4375,129644,
48,200,2026-04-17T15:46:47.661200Z,2026-04-17T15:47:00.122041Z,12.460837,c936405fdd8f,2026-04-17T15:46:53.502893Z,2026-04-17T15:47:00.084567Z,6581.67,1.38,1.28,0.07,1763.92,4797.82,17.13,32,2016,3200,163,short_ref,upload_hit,,2.620,2.5121,125804,
49,200,2026-04-17T15:46:47.661394Z,2026-04-17T15:47:00.143865Z,12.482468,1433b5298e9e,2026-04-17T15:46:53.501520Z,2026-04-17T15:47:00.087582Z,6586.06,1.69,1.55,0.09,1764.99,4797.82,20.36,32,2016,3200,163,short_ref,upload_hit,,2.720,2.4213,130604,
50,200,2026-04-17T15:46:47.661589Z,2026-04-17T15:47:00.151932Z,12.490342,23f1555f845a,2026-04-17T15:46:53.502297Z,2026-04-17T15:47:00.094746Z,6592.45,1.25,1.05,0.13,1764.65,4797.82,27.48,32,2016,3200,163,short_ref,upload_hit,,2.710,2.4326,130124,
51,200,2026-04-17T15:46:47.661785Z,2026-04-17T15:47:00.138683Z,12.476896,bcdde028e401,2026-04-17T15:46:53.501587Z,2026-04-17T15:47:00.087217Z,6585.63,1.74,1.64,0.07,1764.87,4797.82,18.25,32,2016,3200,163,short_ref,upload_hit,,2.710,2.4301,130124,
52,200,2026-04-17T15:46:47.662028Z,2026-04-17T15:47:00.145895Z,12.483864,75c0f3e638da,2026-04-17T15:46:53.502368Z,2026-04-17T15:47:00.087832Z,6585.46,1.38,1.23,0.10,1764.44,4797.82,20.53,32,2016,3200,163,short_ref,upload_hit,,2.590,2.5427,124364,
53,200,2026-04-17T15:46:47.662227Z,2026-04-17T15:47:00.138466Z,12.476236,e8e69e54dfe6,2026-04-17T15:46:53.507167Z,2026-04-17T15:47:00.085234Z,6578.07,1.64,1.54,0.07,1759.38,4797.82,17.28,32,2016,3200,163,short_ref,upload_hit,,2.710,2.4273,130124,
54,200,2026-04-17T15:46:47.662455Z,2026-04-17T15:47:01.554679Z,13.892222,f549ec109a93,2026-04-17T15:46:55.267601Z,2026-04-17T15:47:01.549556Z,6281.95,0.46,0.26,0.15,4808.53,1466.37,4.91,8,504,800,163,short_ref,upload_hit,,2.720,2.3095,130604,
55,200,2026-04-17T15:46:47.662721Z,2026-04-17T15:47:01.554502Z,13.89178,d23b14b3d106,2026-04-17T15:46:55.274577Z,2026-04-17T15:47:01.548900Z,6274.32,0.47,0.26,0.16,4801.54,1466.37,5.43,8,504,800,163,short_ref,upload_hit,,2.710,2.3152,130124,
56,200,2026-04-17T15:46:47.662982Z,2026-04-17T15:47:01.549563Z,13.886578,fef3e096545f,2026-04-17T15:46:55.273978Z,2026-04-17T15:47:01.546107Z,6272.13,0.51,0.37,0.10,4802.10,1466.37,2.72,8,504,800,163,short_ref,upload_hit,,2.700,2.3230,129644,
57,200,2026-04-17T15:46:47.663233Z,2026-04-17T15:46:55.267858Z,7.604623,7f88ba2ec914,2026-04-17T15:46:48.080992Z,2026-04-17T15:46:55.265289Z,7184.30,0.57,0.45,0.07,5375.65,1804.14,3.15,8,504,800,163,short_ref,upload_hit,,2.680,2.6807,128684,
58,200,2026-04-17T15:46:47.663479Z,2026-04-17T15:47:00.152566Z,12.489086,002413acceba,2026-04-17T15:46:53.488465Z,2026-04-17T15:47:00.095650Z,6607.19,0.40,0.25,0.10,1779.32,4797.82,28.99,32,2016,3200,163,short_ref,upload_hit,,2.650,2.4933,127244,
59,200,2026-04-17T15:46:47.663724Z,2026-04-17T15:47:00.104082Z,12.440355,fa839146fe4d,2026-04-17T15:46:53.487726Z,2026-04-17T15:47:00.083668Z,6595.94,0.54,0.24,0.22,1779.93,4797.82,17.08,32,2016,3200,163,short_ref,upload_hit,,2.710,2.4339,130124,
60,200,2026-04-17T15:46:47.663972Z,2026-04-17T15:47:00.090223Z,12.426249,d2750dcb372f,2026-04-17T15:46:53.488552Z,2026-04-17T15:47:00.081118Z,6592.57,0.56,0.42,0.10,1779.08,4797.82,14.40,32,2016,3200,163,short_ref,upload_hit,,2.710,2.4327,130124,
61,200,2026-04-17T15:46:47.664226Z,2026-04-17T15:47:00.152681Z,12.488453,729957f4fca8,2026-04-17T15:46:53.506337Z,2026-04-17T15:47:00.096351Z,6590.01,1.79,1.69,0.07,1760.06,4797.82,24.60,32,2016,3200,163,short_ref,upload_hit,,2.690,2.4498,129164,
62,200,2026-04-17T15:46:47.664543Z,2026-04-17T15:47:00.138849Z,12.474304,8ff733591e4d,2026-04-17T15:46:53.487852Z,2026-04-17T15:47:00.087379Z,6599.53,1.50,1.30,0.14,1778.85,4797.82,20.59,32,2016,3200,163,short_ref,upload_hit,,2.710,2.4352,130124,
63,200,2026-04-17T15:46:47.664791Z,2026-04-17T15:47:00.146113Z,12.48132,c2bfdfe68e10,2026-04-17T15:46:53.490300Z,2026-04-17T15:47:00.087968Z,6597.67,0.89,0.49,0.29,1777.01,4797.82,21.11,32,2016,3200,163,short_ref,upload_hit,,2.700,2.4436,129644,
64,200,2026-04-17T15:46:47.665043Z,2026-04-17T15:47:00.151721Z,12.486677,0a77602d3b4d,2026-04-17T15:46:53.490737Z,2026-04-17T15:47:00.093976Z,6603.24,0.77,0.67,0.07,1776.68,4797.82,27.04,32,2016,3200,163,short_ref,upload_hit,,2.710,2.4366,130124,
65,200,2026-04-17T15:46:47.665302Z,2026-04-17T15:47:00.089691Z,12.424385,0f9edcd07d23,2026-04-17T15:46:53.490443Z,2026-04-17T15:47:00.076982Z,6586.54,0.95,0.84,0.07,1776.80,4797.82,9.97,32,2016,3200,163,short_ref,upload_hit,,2.690,2.4485,129164,
66,200,2026-04-17T15:46:47.665557Z,2026-04-17T15:47:00.146454Z,12.480895,7ec95da00f95,2026-04-17T15:46:53.501651Z,2026-04-17T15:47:00.089973Z,6588.32,0.26,0.13,0.09,1766.28,4797.82,22.92,32,2016,3200,163,short_ref,upload_hit,,2.630,2.5051,126284,
67,200,2026-04-17T15:46:47.665804Z,2026-04-17T15:47:00.092298Z,12.426492,1e7a14063169,2026-04-17T15:46:53.502446Z,2026-04-17T15:47:00.082178Z,6579.73,1.67,1.54,0.09,1764.07,4797.82,14.78,32,2016,3200,163,short_ref,upload_hit,,2.700,2.4369,129644,
68,200,2026-04-17T15:46:47.666057Z,2026-04-17T15:47:00.152045Z,12.485987,8d16e5f0a3c8,2026-04-17T15:46:53.501721Z,2026-04-17T15:47:00.094904Z,6593.18,1.08,0.95,0.09,1765.39,4797.82,26.70,32,2016,3200,163,short_ref,upload_hit,,2.700,2.4419,129644,
69,200,2026-04-17T15:46:47.666309Z,2026-04-17T15:47:00.152151Z,12.485841,86f5eeae7e9d,2026-04-17T15:46:53.502511Z,2026-04-17T15:47:00.095348Z,6592.84,1.41,1.31,0.07,1764.27,4797.82,28.00,32,2016,3200,163,short_ref,upload_hit,,2.580,2.5554,123884,
70,200,2026-04-17T15:46:47.666567Z,2026-04-17T15:47:00.146605Z,12.480037,86ef5674035b,2026-04-17T15:46:53.506936Z,2026-04-17T15:47:00.090228Z,6583.29,1.33,1.21,0.09,1759.92,4797.82,21.71,32,2016,3200,163,short_ref,upload_hit,,2.700,2.4383,129644,
71,200,2026-04-17T15:46:47.666881Z,2026-04-17T15:47:00.098158Z,12.431274,29a3874d3ddf,2026-04-17T15:46:53.506413Z,2026-04-17T15:47:00.083514Z,6577.10,1.26,1.15,0.07,1760.52,4797.82,15.91,32,2016,3200,163,short_ref,upload_hit,,2.650,2.4819,127244,
72,200,2026-04-17T15:46:47.667138Z,2026-04-17T15:47:00.151285Z,12.484145,e8345fba39df,2026-04-17T15:46:53.503778Z,2026-04-17T15:47:00.091838Z,6588.06,0.63,0.52,0.08,1763.78,4797.82,24.36,32,2016,3200,163,short_ref,upload_hit,,2.720,2.4221,130604,
73,200,2026-04-17T15:46:47.667382Z,2026-04-17T15:47:00.146275Z,12.47889,3cc3b2a69b61,2026-04-17T15:46:53.506150Z,2026-04-17T15:47:00.088146Z,6582.00,0.72,0.47,0.18,1761.33,4797.82,20.48,32,2016,3200,163,short_ref,upload_hit,,2.700,2.4378,129644,
74,200,2026-04-17T15:46:47.667633Z,2026-04-17T15:47:00.150899Z,12.483264,4a634e10821d,2026-04-17T15:46:53.507239Z,2026-04-17T15:47:00.090466Z,6583.23,0.63,0.53,0.08,1760.32,4797.82,19.09,32,2016,3200,163,short_ref,upload_hit,,2.700,2.4382,129644,
75,200,2026-04-17T15:46:47.667880Z,2026-04-17T15:47:01.553749Z,13.885867,8d771f13a741,2026-04-17T15:46:55.277883Z,2026-04-17T15:47:01.547711Z,6269.83,1.21,1.07,0.09,4797.50,1466.37,4.42,8,504,800,163,short_ref,upload_hit,,2.720,2.3051,130604,
76,200,2026-04-17T15:46:47.668123Z,2026-04-17T15:47:00.151394Z,12.483269,59b5bb6291b7,2026-04-17T15:46:53.506252Z,2026-04-17T15:47:00.092718Z,6586.47,1.74,1.64,0.07,1760.19,4797.82,24.97,32,2016,3200,163,short_ref,upload_hit,,2.710,2.4304,130124,
77,200,2026-04-17T15:46:47.668372Z,2026-04-17T15:47:00.151503Z,12.483129,4d96b6a7e516,2026-04-17T15:46:53.507724Z,2026-04-17T15:47:00.093321Z,6585.60,0.72,0.61,0.07,1759.75,4797.82,23.28,32,2016,3200,163,short_ref,upload_hit,,2.680,2.4573,128684,
78,200,2026-04-17T15:46:47.668621Z,2026-04-17T15:47:01.550391Z,13.881768,95eff6e9a68d,2026-04-17T15:46:55.278122Z,2026-04-17T15:47:01.546469Z,6268.35,0.77,0.67,0.08,4797.69,1466.37,2.49,8,504,800,163,short_ref,upload_hit,,2.710,2.3130,130124,
79,200,2026-04-17T15:46:47.668872Z,2026-04-17T15:47:01.552409Z,13.883535,9e460b385bd6,2026-04-17T15:46:55.277956Z,2026-04-17T15:47:01.547120Z,6269.16,0.61,0.38,0.17,4798.03,1466.37,2.85,8,504,800,163,short_ref,upload_hit,,2.610,2.4020,125324,
80,200,2026-04-17T15:46:47.669117Z,2026-04-17T15:47:01.554037Z,13.884918,4c3135e914f2,2026-04-17T15:46:55.278200Z,2026-04-17T15:47:01.548034Z,6269.83,1.06,0.91,0.10,4797.33,1466.37,3.61,8,504,800,163,short_ref,upload_hit,,2.710,2.3136,130124,
81,200,2026-04-17T15:46:47.669425Z,2026-04-17T15:47:01.554381Z,13.884955,6f4468710ce3,2026-04-17T15:46:55.277802Z,2026-04-17T15:47:01.548205Z,6270.40,0.89,0.78,0.07,4797.89,1466.37,4.66,8,504,800,163,short_ref,upload_hit,,2.700,2.3224,129644,
82,200,2026-04-17T15:46:47.669676Z,2026-04-17T15:47:04.825827Z,17.156149,cc64fa630577,2026-04-17T15:47:00.089493Z,2026-04-17T15:47:04.805069Z,4715.58,1.32,1.10,0.17,1462.60,3238.79,10.04,18,1134,1800,163,short_ref,upload_hit,,2.710,1.7401,130124,
83,200,2026-04-17T15:46:47.669934Z,2026-04-17T15:47:04.819796Z,17.14986,88498d467bb8,2026-04-17T15:47:00.090353Z,2026-04-17T15:47:04.803649Z,4713.30,1.28,1.17,0.08,1461.78,3238.79,10.93,18,1134,1800,163,short_ref,upload_hit,,2.620,1.7990,125804,
84,200,2026-04-17T15:46:47.670177Z,2026-04-17T15:47:04.814295Z,17.144114,91355bff6f3c,2026-04-17T15:47:00.097841Z,2026-04-17T15:47:04.801286Z,4703.45,0.38,0.22,0.12,1455.19,3238.79,8.49,18,1134,1800,163,short_ref,upload_hit,,2.620,1.7952,125804,
85,200,2026-04-17T15:46:47.670435Z,2026-04-17T15:47:04.825228Z,17.154791,180bcfe16a8e,2026-04-17T15:47:00.098390Z,2026-04-17T15:47:04.804720Z,4706.33,0.68,0.46,0.17,1454.34,3238.79,11.75,18,1134,1800,163,short_ref,upload_hit,,2.680,1.7561,128684,
86,200,2026-04-17T15:46:47.670683Z,2026-04-17T15:47:04.817408Z,17.146724,3f3eccbff8c4,2026-04-17T15:47:00.097937Z,2026-04-17T15:47:04.803016Z,4705.08,0.77,0.57,0.15,1454.71,3238.79,10.15,18,1134,1800,163,short_ref,upload_hit,,2.630,1.7890,126284,
87,200,2026-04-17T15:46:47.670951Z,2026-04-17T15:47:04.804120Z,17.133168,202c63965ba4,2026-04-17T15:47:00.112964Z,2026-04-17T15:47:04.800534Z,4687.57,1.12,0.92,0.15,1439.33,3238.79,7.46,18,1134,1800,163,short_ref,upload_hit,,2.690,1.7426,129164,
88,200,2026-04-17T15:46:47.671199Z,2026-04-17T15:47:04.809864Z,17.13866,5237e9c52106,2026-04-17T15:47:00.113836Z,2026-04-17T15:47:04.801030Z,4687.19,1.19,1.01,0.12,1438.39,3238.79,7.87,18,1134,1800,163,short_ref,upload_hit,,2.700,1.7360,129644,
89,200,2026-04-17T15:46:47.671450Z,2026-04-17T15:47:04.820097Z,17.148645,8b9e037aaad6,2026-04-17T15:47:00.113077Z,2026-04-17T15:47:04.803762Z,4690.69,2.17,1.98,0.13,1438.17,3238.79,10.47,18,1134,1800,163,short_ref,upload_hit,,2.710,1.7309,130124,
90,200,2026-04-17T15:46:47.671695Z,2026-04-17T15:47:04.826163Z,17.154467,74cf100b5e9c,2026-04-17T15:47:00.114759Z,2026-04-17T15:47:04.805353Z,4690.59,2.28,2.14,0.09,1436.38,3238.79,11.39,18,1134,1800,163,short_ref,upload_hit,,2.570,1.8251,123404,
91,200,2026-04-17T15:46:47.672003Z,2026-04-17T15:47:04.823747Z,17.151741,6c71cffdaabc,2026-04-17T15:47:00.113179Z,2026-04-17T15:47:04.804088Z,4690.91,2.35,2.10,0.18,1437.89,3238.79,10.88,18,1134,1800,163,short_ref,upload_hit,,2.690,1.7438,129164,
92,200,2026-04-17T15:46:47.672276Z,2026-04-17T15:47:04.827022Z,17.154744,2878f45f0d2f,2026-04-17T15:47:00.114152Z,2026-04-17T15:47:04.806627Z,4692.48,1.54,1.41,0.09,1437.72,3238.79,11.65,18,1134,1800,163,short_ref,upload_hit,,2.630,1.7842,126284,
93,200,2026-04-17T15:46:47.672555Z,2026-04-17T15:47:04.803142Z,17.130584,044d017cfc8b,2026-04-17T15:47:00.113267Z,2026-04-17T15:47:04.799663Z,4686.40,2.75,2.46,0.25,1437.40,3238.79,6.26,18,1134,1800,163,short_ref,upload_hit,,2.710,1.7293,130124,
94,200,2026-04-17T15:46:47.672811Z,2026-04-17T15:47:04.816353Z,17.143538,7fc590671160,2026-04-17T15:47:00.114249Z,2026-04-17T15:47:04.801969Z,4687.72,1.93,1.80,0.10,1437.23,3238.79,8.04,18,1134,1800,163,short_ref,upload_hit,,2.710,1.7298,130124,
95,200,2026-04-17T15:46:47.673082Z,2026-04-17T15:47:04.822291Z,17.149206,0a764af2abdf,2026-04-17T15:47:00.113342Z,2026-04-17T15:47:04.803936Z,4690.59,0.39,0.14,0.19,1439.69,3238.79,10.91,18,1134,1800,163,short_ref,upload_hit,,2.650,1.7700,127244,
96,200,2026-04-17T15:46:47.673342Z,2026-04-17T15:47:04.824006Z,17.150663,1ac128685dd6,2026-04-17T15:47:00.114378Z,2026-04-17T15:47:04.804548Z,4690.17,2.82,2.69,0.09,1436.22,3238.79,11.90,18,1134,1800,163,short_ref,upload_hit,,2.680,1.7501,128684,
97,200,2026-04-17T15:46:47.673599Z,2026-04-17T15:47:04.807606Z,17.134004,190c4d322cd2,2026-04-17T15:47:00.113426Z,2026-04-17T15:47:04.800723Z,4687.30,1.25,1.12,0.08,1438.74,3238.79,7.60,18,1134,1800,163,short_ref,upload_hit,,2.690,1.7425,129164,
98,200,2026-04-17T15:46:47.673876Z,2026-04-17T15:47:04.827478Z,17.1536,5be7ce45cf52,2026-04-17T15:47:00.114494Z,2026-04-17T15:47:04.809256Z,4694.76,2.00,1.89,0.08,1436.92,3238.79,14.61,18,1134,1800,163,short_ref,upload_hit,,2.690,1.7453,129164,
99,200,2026-04-17T15:46:47.674129Z,2026-04-17T15:47:04.826511Z,17.15238,1f6c24fb29db,2026-04-17T15:47:00.122568Z,2026-04-17T15:47:04.806023Z,4683.45,0.42,0.22,0.15,1430.42,3238.79,11.62,18,1134,1800,163,short_ref,upload_hit,,2.700,1.7346,129644,
