index,status,local_started_at,local_finished_at,elapsed_s,request_id,started_at,finished_at,latency_ms,peak_vram_gb,pre_batch_ms,prompt_prepare_ms,batch_estimate_ms,queue_wait_ms,batch_exec_ms,response_encode_ms,gpu_sample_count,gpu_util_avg_pct,gpu_util_peak_pct,device_vram_used_gb_avg,device_vram_used_gb_peak,device_vram_util_avg_pct,device_vram_util_peak_pct,batch_requests,batch_target_tokens,batch_conditioning_tokens,batch_max_sequence_length,batch_lane,prompt_source,prompt_id,audio_duration_s,rtf,content_bytes,error
0,200,2026-04-17T18:32:03.378067Z,2026-04-17T18:32:03.789901Z,0.411831,4dcf57f62988,2026-04-17T18:32:03.400707Z,2026-04-17T18:32:03.787884Z,387.18,2.318,0.29,0.01,0.20,0.51,384.14,1.64,16,100.00,100.00,6.253,6.253,26.05,26.05,2,126,200,163,short_ref,prompt_id,10dae68e7db1,2.690,0.1439,129164,
1,200,2026-04-17T18:32:03.378354Z,2026-04-17T18:32:03.790911Z,0.412556,28e5b73892c7,2026-04-17T18:32:03.401333Z,2026-04-17T18:32:03.788721Z,387.39,2.318,0.11,0.00,0.07,0.06,384.14,2.42,16,100.00,100.00,6.253,6.253,26.05,26.05,2,126,200,163,short_ref,prompt_id,10dae68e7db1,2.720,0.1424,130604,
2,200,2026-04-17T18:32:03.378553Z,2026-04-17T18:32:08.657701Z,5.279146,c3210d50207a,2026-04-17T18:32:03.419615Z,2026-04-17T18:32:08.646151Z,5226.54,2.918,0.27,0.01,0.18,369.93,4836.39,18.77,192,98.17,100.00,6.888,6.893,28.70,28.72,32,2016,3200,163,short_ref,prompt_id,10dae68e7db1,2.700,1.9358,129644,
3,200,2026-04-17T18:32:03.378740Z,2026-04-17T18:32:08.695879Z,5.317137,8ae85de866de,2026-04-17T18:32:03.420201Z,2026-04-17T18:32:08.651718Z,5231.52,2.918,0.19,0.00,0.13,369.41,4836.39,24.28,192,98.17,100.00,6.888,6.893,28.70,28.72,32,2016,3200,163,short_ref,prompt_id,10dae68e7db1,2.710,1.9304,130124,
4,200,2026-04-17T18:32:03.378929Z,2026-04-17T18:32:08.672110Z,5.29318,1057c2862871,2026-04-17T18:32:03.406484Z,2026-04-17T18:32:08.648878Z,5242.39,2.918,0.31,0.01,0.22,383.02,4836.39,19.36,192,98.17,100.00,6.888,6.893,28.70,28.72,32,2016,3200,163,short_ref,prompt_id,10dae68e7db1,2.710,1.9345,130124,
5,200,2026-04-17T18:32:03.379122Z,2026-04-17T18:32:08.690461Z,5.311338,20bfdcb64ebb,2026-04-17T18:32:03.419113Z,2026-04-17T18:32:08.649924Z,5230.81,2.918,0.14,0.00,0.09,370.56,4836.39,18.67,192,98.17,100.00,6.888,6.893,28.70,28.72,32,2016,3200,163,short_ref,prompt_id,10dae68e7db1,2.700,1.9373,129644,
6,200,2026-04-17T18:32:03.379302Z,2026-04-17T18:32:08.675516Z,5.296213,d878b174661c,2026-04-17T18:32:03.418538Z,2026-04-17T18:32:08.649181Z,5230.64,2.918,0.09,0.00,0.06,371.18,4836.39,21.84,192,98.17,100.00,6.888,6.893,28.70,28.72,32,2016,3200,163,short_ref,prompt_id,10dae68e7db1,2.700,1.9373,129644,
7,200,2026-04-17T18:32:03.379482Z,2026-04-17T18:32:08.690268Z,5.310783,4df1e3a86245,2026-04-17T18:32:03.408294Z,2026-04-17T18:32:08.651344Z,5243.05,2.918,0.25,0.01,0.17,381.27,4836.39,24.29,192,98.17,100.00,6.888,6.893,28.70,28.72,32,2016,3200,163,short_ref,prompt_id,10dae68e7db1,2.720,1.9276,130604,
8,200,2026-04-17T18:32:03.379661Z,2026-04-17T18:32:08.680236Z,5.300573,1c874a0d590d,2026-04-17T18:32:03.423890Z,2026-04-17T18:32:08.649309Z,5225.42,2.918,0.22,0.01,0.15,365.70,4836.39,21.66,192,98.17,100.00,6.888,6.893,28.70,28.72,32,2016,3200,163,short_ref,prompt_id,10dae68e7db1,2.720,1.9211,130604,
9,200,2026-04-17T18:32:03.379845Z,2026-04-17T18:32:08.699803Z,5.319957,638424901dbe,2026-04-17T18:32:03.419294Z,2026-04-17T18:32:08.656918Z,5237.62,2.918,0.10,0.00,0.07,370.41,4836.39,25.19,192,98.17,100.00,6.888,6.893,28.70,28.72,32,2016,3200,163,short_ref,prompt_id,10dae68e7db1,2.710,1.9327,130124,
10,200,2026-04-17T18:32:03.380027Z,2026-04-17T18:32:08.697381Z,5.317353,1d31445c92a3,2026-04-17T18:32:03.418305Z,2026-04-17T18:32:08.652992Z,5234.69,2.918,0.19,0.01,0.13,371.32,4836.39,25.87,192,98.17,100.00,6.888,6.893,28.70,28.72,32,2016,3200,163,short_ref,prompt_id,10dae68e7db1,2.640,1.9828,126764,
11,200,2026-04-17T18:32:03.380208Z,2026-04-17T18:32:08.699486Z,5.319277,beb04187feed,2026-04-17T18:32:03.418775Z,2026-04-17T18:32:08.656698Z,5237.92,2.918,0.27,0.01,0.20,370.76,4836.39,24.29,192,98.17,100.00,6.888,6.893,28.70,28.72,32,2016,3200,163,short_ref,prompt_id,10dae68e7db1,2.710,1.9328,130124,
12,200,2026-04-17T18:32:03.380394Z,2026-04-17T18:32:08.659367Z,5.278971,d22343d38974,2026-04-17T18:32:03.420448Z,2026-04-17T18:32:08.646581Z,5226.13,2.918,0.09,0.00,0.07,369.26,4836.39,19.01,192,98.17,100.00,6.888,6.893,28.70,28.72,32,2016,3200,163,short_ref,prompt_id,10dae68e7db1,2.600,2.0101,124844,
13,200,2026-04-17T18:32:03.380605Z,2026-04-17T18:32:08.663471Z,5.282863,a12bb7226043,2026-04-17T18:32:03.419962Z,2026-04-17T18:32:08.646997Z,5227.03,2.918,0.16,0.00,0.11,369.68,4836.39,17.32,192,98.17,100.00,6.888,6.893,28.70,28.72,32,2016,3200,163,short_ref,prompt_id,10dae68e7db1,2.670,1.9577,128204,
14,200,2026-04-17T18:32:03.380807Z,2026-04-17T18:32:08.650839Z,5.270029,eef5cf7a6a2a,2026-04-17T18:32:03.420702Z,2026-04-17T18:32:08.644817Z,5224.12,2.918,0.10,0.00,0.07,369.01,4836.39,17.32,192,98.17,100.00,6.888,6.893,28.70,28.72,32,2016,3200,163,short_ref,prompt_id,10dae68e7db1,2.710,1.9277,130124,
15,200,2026-04-17T18:32:03.381073Z,2026-04-17T18:32:08.670687Z,5.289612,9e5da750c346,2026-04-17T18:32:03.418101Z,2026-04-17T18:32:08.648759Z,5230.66,2.918,0.14,0.00,0.09,371.57,4836.39,19.03,192,98.17,100.00,6.888,6.893,28.70,28.72,32,2016,3200,163,short_ref,prompt_id,10dae68e7db1,2.700,1.9373,129644,
16,200,2026-04-17T18:32:03.381256Z,2026-04-17T18:32:08.654220Z,5.272962,2edb8a56113b,2026-04-17T18:32:03.424453Z,2026-04-17T18:32:08.645252Z,5220.80,2.918,0.12,0.00,0.08,365.23,4836.39,17.52,192,98.17,100.00,6.888,6.893,28.70,28.72,32,2016,3200,163,short_ref,prompt_id,10dae68e7db1,2.680,1.9481,128684,
17,200,2026-04-17T18:32:03.381440Z,2026-04-17T18:32:08.699358Z,5.317916,bbe3146cce4c,2026-04-17T18:32:03.424975Z,2026-04-17T18:32:08.655609Z,5230.63,2.918,0.12,0.00,0.08,364.72,4836.39,27.85,192,98.17,100.00,6.888,6.893,28.70,28.72,32,2016,3200,163,short_ref,prompt_id,10dae68e7db1,2.710,1.9301,130124,
18,200,2026-04-17T18:32:03.381627Z,2026-04-17T18:32:08.683577Z,5.301948,e3d7cb63ec15,2026-04-17T18:32:03.426827Z,2026-04-17T18:32:08.649462Z,5222.64,2.918,0.12,0.00,0.08,362.86,4836.39,21.66,192,98.17,100.00,6.888,6.893,28.70,28.72,32,2016,3200,163,short_ref,prompt_id,10dae68e7db1,2.710,1.9272,130124,
19,200,2026-04-17T18:32:03.381811Z,2026-04-17T18:32:08.660069Z,5.278256,ac1c685963b0,2026-04-17T18:32:03.427133Z,2026-04-17T18:32:08.646856Z,5219.72,2.918,0.14,0.00,0.10,362.54,4836.39,19.01,192,98.17,100.00,6.888,6.893,28.70,28.72,32,2016,3200,163,short_ref,prompt_id,10dae68e7db1,2.710,1.9261,130124,
20,200,2026-04-17T18:32:03.381990Z,2026-04-17T18:32:08.667773Z,5.285782,e8308bb247d5,2026-04-17T18:32:03.427706Z,2026-04-17T18:32:08.647568Z,5219.86,2.918,0.14,0.00,0.11,361.96,4836.39,19.63,192,98.17,100.00,6.888,6.893,28.70,28.72,32,2016,3200,163,short_ref,prompt_id,10dae68e7db1,2.660,1.9624,127724,
21,200,2026-04-17T18:32:03.382170Z,2026-04-17T18:32:08.687749Z,5.305578,f1840e2f1dbd,2026-04-17T18:32:03.427997Z,2026-04-17T18:32:08.649691Z,5221.69,2.918,0.14,0.00,0.10,361.67,4836.39,21.79,192,98.17,100.00,6.888,6.893,28.70,28.72,32,2016,3200,163,short_ref,prompt_id,10dae68e7db1,2.710,1.9268,130124,
22,200,2026-04-17T18:32:03.382368Z,2026-04-17T18:32:08.693619Z,5.31125,8ac32f33694b,2026-04-17T18:32:03.428303Z,2026-04-17T18:32:08.651465Z,5223.16,2.918,0.11,0.00,0.08,361.39,4836.39,23.49,192,98.17,100.00,6.888,6.893,28.70,28.72,32,2016,3200,163,short_ref,prompt_id,10dae68e7db1,2.700,1.9345,129644,
23,200,2026-04-17T18:32:03.382554Z,2026-04-17T18:32:08.697252Z,5.314697,fc7cd50b4093,2026-04-17T18:32:03.432645Z,2026-04-17T18:32:08.652682Z,5220.04,2.918,0.13,0.00,0.10,357.03,4836.39,24.66,192,98.17,100.00,6.888,6.893,28.70,28.72,32,2016,3200,163,short_ref,prompt_id,10dae68e7db1,2.710,1.9262,130124,
24,200,2026-04-17T18:32:03.382742Z,2026-04-17T18:32:08.698273Z,5.315529,a913579fe67d,2026-04-17T18:32:03.437141Z,2026-04-17T18:32:08.653275Z,5216.13,2.918,0.10,0.00,0.07,352.57,4836.39,25.20,192,98.17,100.00,6.888,6.893,28.70,28.72,32,2016,3200,163,short_ref,prompt_id,10dae68e7db1,2.700,1.9319,129644,
25,200,2026-04-17T18:32:03.382917Z,2026-04-17T18:32:08.669082Z,5.286163,a57b4b74b8f3,2026-04-17T18:32:03.437306Z,2026-04-17T18:32:08.648471Z,5211.16,2.918,0.22,0.01,0.15,352.28,4836.39,20.36,192,98.17,100.00,6.888,6.893,28.70,28.72,32,2016,3200,163,short_ref,prompt_id,10dae68e7db1,2.630,1.9814,126284,
26,200,2026-04-17T18:32:03.383107Z,2026-04-17T18:32:08.668375Z,5.285266,a4d43364a75d,2026-04-17T18:32:03.437937Z,2026-04-17T18:32:08.648314Z,5210.38,2.918,0.14,0.00,0.10,351.73,4836.39,20.15,192,98.17,100.00,6.888,6.893,28.70,28.72,32,2016,3200,163,short_ref,prompt_id,10dae68e7db1,2.710,1.9226,130124,
27,200,2026-04-17T18:32:03.383286Z,2026-04-17T18:32:08.699220Z,5.315933,29e6c07d0e65,2026-04-17T18:32:03.438302Z,2026-04-17T18:32:08.654632Z,5216.33,2.918,0.17,0.00,0.14,351.33,4836.39,26.43,192,98.17,100.00,6.888,6.893,28.70,28.72,32,2016,3200,163,short_ref,prompt_id,10dae68e7db1,2.650,1.9684,127244,
28,200,2026-04-17T18:32:03.383519Z,2026-04-17T18:32:08.698434Z,5.314914,869c13aa13bd,2026-04-17T18:32:03.439074Z,2026-04-17T18:32:08.653985Z,5214.91,2.918,0.14,0.00,0.10,350.59,4836.39,22.93,192,98.17,100.00,6.888,6.893,28.70,28.72,32,2016,3200,163,short_ref,prompt_id,10dae68e7db1,2.660,1.9605,127724,
29,200,2026-04-17T18:32:03.383703Z,2026-04-17T18:32:08.690599Z,5.306895,1668c71e9a5b,2026-04-17T18:32:03.438820Z,2026-04-17T18:32:08.650022Z,5211.20,2.918,0.11,0.00,0.08,350.88,4836.39,21.79,192,98.17,100.00,6.888,6.893,28.70,28.72,32,2016,3200,163,short_ref,prompt_id,10dae68e7db1,2.670,1.9518,128204,
30,200,2026-04-17T18:32:03.383887Z,2026-04-17T18:32:08.696013Z,5.312125,ce83c44f4ce2,2026-04-17T18:32:03.439556Z,2026-04-17T18:32:08.652361Z,5212.81,2.918,0.12,0.00,0.09,350.13,4836.39,18.62,192,98.17,100.00,6.888,6.893,28.70,28.72,32,2016,3200,163,short_ref,prompt_id,10dae68e7db1,2.690,1.9378,129164,
31,200,2026-04-17T18:32:03.384081Z,2026-04-17T18:32:08.697109Z,5.313027,fafd8c76ce0e,2026-04-17T18:32:03.440089Z,2026-04-17T18:32:08.652573Z,5212.48,2.918,0.11,0.00,0.08,349.61,4836.39,21.48,192,98.17,100.00,6.888,6.893,28.70,28.72,32,2016,3200,163,short_ref,prompt_id,10dae68e7db1,2.700,1.9305,129644,
32,200,2026-04-17T18:32:03.384263Z,2026-04-17T18:32:08.695731Z,5.311467,e5ae56e920e4,2026-04-17T18:32:03.440233Z,2026-04-17T18:32:08.651571Z,5211.34,2.918,0.11,0.00,0.08,349.47,4836.39,22.01,192,98.17,100.00,6.888,6.893,28.70,28.72,32,2016,3200,163,short_ref,prompt_id,10dae68e7db1,2.690,1.9373,129164,
33,200,2026-04-17T18:32:03.384446Z,2026-04-17T18:32:08.666056Z,5.281608,f80797959d44,2026-04-17T18:32:03.440453Z,2026-04-17T18:32:08.647424Z,5206.97,2.918,0.10,0.00,0.07,349.26,4836.39,20.47,192,98.17,100.00,6.888,6.893,28.70,28.72,32,2016,3200,163,short_ref,prompt_id,10dae68e7db1,2.700,1.9285,129644,
34,200,2026-04-17T18:32:03.384620Z,2026-04-17T18:32:10.137720Z,6.753098,aef2977562ff,2026-04-17T18:32:03.444216Z,2026-04-17T18:32:10.126665Z,6682.45,2.438,0.11,0.00,0.08,5192.70,1480.61,8.45,59,100.00,100.00,6.893,6.893,28.72,28.72,8,504,800,163,short_ref,prompt_id,10dae68e7db1,2.700,2.4750,129644,
35,200,2026-04-17T18:32:03.384805Z,2026-04-17T18:32:10.134807Z,6.75,92faab8d4c2e,2026-04-17T18:32:03.444518Z,2026-04-17T18:32:10.124286Z,6679.77,2.438,0.09,0.00,0.06,5192.42,1480.61,5.85,59,100.00,100.00,6.893,6.893,28.72,28.72,8,504,800,163,short_ref,prompt_id,10dae68e7db1,2.700,2.4740,129644,
36,200,2026-04-17T18:32:03.384988Z,2026-04-17T18:32:10.125646Z,6.740655,b91a90318ec8,2026-04-17T18:32:03.444865Z,2026-04-17T18:32:10.122281Z,6677.42,2.438,0.20,0.01,0.15,5191.96,1480.61,3.67,59,100.00,100.00,6.893,6.893,28.72,28.72,8,504,800,163,short_ref,prompt_id,10dae68e7db1,2.700,2.4731,129644,
37,200,2026-04-17T18:32:03.385166Z,2026-04-17T18:32:10.127345Z,6.742177,cfce5db3936f,2026-04-17T18:32:03.450357Z,2026-04-17T18:32:10.122471Z,6672.11,2.438,0.20,0.00,0.13,5186.48,1480.61,4.13,59,100.00,100.00,6.893,6.893,28.72,28.72,8,504,800,163,short_ref,prompt_id,10dae68e7db1,2.710,2.4620,130124,
38,200,2026-04-17T18:32:03.385352Z,2026-04-17T18:32:10.137193Z,6.75184,72ac74bf98a9,2026-04-17T18:32:03.458919Z,2026-04-17T18:32:10.125590Z,6666.67,2.438,0.15,0.00,0.10,5177.96,1480.61,7.45,59,100.00,100.00,6.893,6.893,28.72,28.72,8,504,800,163,short_ref,prompt_id,10dae68e7db1,2.700,2.4691,129644,
39,200,2026-04-17T18:32:03.385586Z,2026-04-17T18:32:10.133774Z,6.748187,7664312eb8ec,2026-04-17T18:32:03.462491Z,2026-04-17T18:32:10.122718Z,6660.23,2.438,0.12,0.00,0.09,5174.41,1480.61,4.24,59,100.00,100.00,6.893,6.893,28.72,28.72,8,504,800,163,short_ref,prompt_id,10dae68e7db1,2.710,2.4576,130124,
40,200,2026-04-17T18:32:03.385765Z,2026-04-17T18:32:10.135584Z,6.749818,418690e99af0,2026-04-17T18:32:03.789208Z,2026-04-17T18:32:10.124795Z,6335.59,2.438,0.25,0.01,0.17,4847.57,1480.61,6.24,59,100.00,100.00,6.893,6.893,28.72,28.72,8,504,800,163,short_ref,prompt_id,10dae68e7db1,2.710,2.3379,130124,
41,200,2026-04-17T18:32:03.385949Z,2026-04-17T18:32:10.137873Z,6.751923,50b67f8717e5,2026-04-17T18:32:03.794002Z,2026-04-17T18:32:10.127301Z,6333.30,2.438,0.23,0.01,0.15,4842.80,1480.61,8.63,59,100.00,100.00,6.893,6.893,28.72,28.72,8,504,800,163,short_ref,prompt_id,10dae68e7db1,2.700,2.3457,129644,
42,200,2026-04-17T18:32:03.386128Z,2026-04-17T18:32:15.035328Z,11.649199,ac99ce3e684b,2026-04-17T18:32:08.650905Z,2026-04-17T18:32:14.987665Z,6336.76,2.918,0.27,0.01,0.20,1474.95,4838.41,22.34,191,98.02,100.00,6.893,6.893,28.72,28.72,32,2016,3200,163,short_ref,prompt_id,10dae68e7db1,2.710,2.3383,130124,
43,200,2026-04-17T18:32:03.386311Z,2026-04-17T18:32:15.041285Z,11.654972,3a7017c85892,2026-04-17T18:32:08.654387Z,2026-04-17T18:32:14.989465Z,6335.08,2.918,0.19,0.01,0.14,1471.54,4838.41,24.05,191,98.02,100.00,6.893,6.893,28.72,28.72,32,2016,3200,163,short_ref,prompt_id,10dae68e7db1,2.700,2.3463,129644,
44,200,2026-04-17T18:32:03.386501Z,2026-04-17T18:32:14.999418Z,11.612915,01516569801d,2026-04-17T18:32:08.659404Z,2026-04-17T18:32:14.984823Z,6325.42,2.918,0.25,0.01,0.17,1466.47,4838.41,19.26,191,98.02,100.00,6.893,6.893,28.72,28.72,32,2016,3200,163,short_ref,prompt_id,10dae68e7db1,2.700,2.3427,129644,
45,200,2026-04-17T18:32:03.386690Z,2026-04-17T18:32:15.041425Z,11.654734,c39624f6aa03,2026-04-17T18:32:08.658973Z,2026-04-17T18:32:14.989714Z,6330.74,2.918,0.18,0.00,0.12,1466.97,4838.41,20.59,191,98.02,100.00,6.893,6.893,28.72,28.72,32,2016,3200,163,short_ref,prompt_id,10dae68e7db1,2.700,2.3447,129644,
46,200,2026-04-17T18:32:03.386864Z,2026-04-17T18:32:15.041129Z,11.654263,4738860e3065,2026-04-17T18:32:08.658648Z,2026-04-17T18:32:14.989237Z,6330.59,2.918,0.22,0.01,0.15,1467.25,4838.41,23.76,191,98.02,100.00,6.893,6.893,28.72,28.72,32,2016,3200,163,short_ref,prompt_id,10dae68e7db1,2.430,2.6052,116684,
47,200,2026-04-17T18:32:03.387060Z,2026-04-17T18:32:15.043193Z,11.656131,2e3d3abad24e,2026-04-17T18:32:08.665821Z,2026-04-17T18:32:14.990025Z,6324.20,2.918,0.12,0.00,0.08,1460.18,4838.41,24.41,191,98.02,100.00,6.893,6.893,28.72,28.72,32,2016,3200,163,short_ref,prompt_id,10dae68e7db1,2.700,2.3423,129644,
48,200,2026-04-17T18:32:03.387241Z,2026-04-17T18:32:15.043618Z,11.656375,0a4f5cc74c1c,2026-04-17T18:32:08.668222Z,2026-04-17T18:32:14.990838Z,6322.62,2.918,0.22,0.01,0.17,1457.68,4838.41,25.11,191,98.02,100.00,6.893,6.893,28.72,28.72,32,2016,3200,163,short_ref,prompt_id,10dae68e7db1,2.710,2.3331,130124,
49,200,2026-04-17T18:32:03.387424Z,2026-04-17T18:32:15.005254Z,11.617828,c45b567daa0c,2026-04-17T18:32:08.667240Z,2026-04-17T18:32:14.985805Z,6318.57,2.918,0.32,0.01,0.22,1458.56,4838.41,20.15,191,98.02,100.00,6.893,6.893,28.72,28.72,32,2016,3200,163,short_ref,prompt_id,10dae68e7db1,2.680,2.3577,128684,
50,200,2026-04-17T18:32:03.387608Z,2026-04-17T18:32:15.035487Z,11.647877,448594bc5a5b,2026-04-17T18:32:08.668493Z,2026-04-17T18:32:14.988269Z,6319.78,2.918,0.10,0.00,0.07,1457.52,4838.41,19.27,191,98.02,100.00,6.893,6.893,28.72,28.72,32,2016,3200,163,short_ref,prompt_id,10dae68e7db1,2.650,2.3848,127244,
51,200,2026-04-17T18:32:03.388664Z,2026-04-17T18:32:15.045307Z,11.656642,4a1ce8ee18a7,2026-04-17T18:32:08.667621Z,2026-04-17T18:32:14.991966Z,6324.35,2.918,0.12,0.00,0.09,1458.37,4838.41,26.28,191,98.02,100.00,6.893,6.893,28.72,28.72,32,2016,3200,163,short_ref,prompt_id,10dae68e7db1,2.680,2.3598,128684,
52,200,2026-04-17T18:32:03.388858Z,2026-04-17T18:32:15.043483Z,11.654624,8f5375f6e39e,2026-04-17T18:32:08.669238Z,2026-04-17T18:32:14.990713Z,6321.48,2.918,0.11,0.00,0.07,1456.77,4838.41,20.04,191,98.02,100.00,6.893,6.893,28.72,28.72,32,2016,3200,163,short_ref,prompt_id,10dae68e7db1,2.690,2.3500,129164,
53,200,2026-04-17T18:32:03.389051Z,2026-04-17T18:32:15.045686Z,11.656634,b0490692d524,2026-04-17T18:32:08.679861Z,2026-04-17T18:32:14.992067Z,6312.21,2.918,0.21,0.01,0.14,1446.06,4838.41,23.01,191,98.02,100.00,6.893,6.893,28.72,28.72,32,2016,3200,163,short_ref,prompt_id,10dae68e7db1,2.710,2.3292,130124,
54,200,2026-04-17T18:32:03.389235Z,2026-04-17T18:32:15.045170Z,11.655934,27938678d4e1,2026-04-17T18:32:08.680419Z,2026-04-17T18:32:14.991576Z,6311.16,2.918,0.25,0.01,0.18,1445.45,4838.41,25.70,191,98.02,100.00,6.893,6.893,28.72,28.72,32,2016,3200,163,short_ref,prompt_id,10dae68e7db1,2.710,2.3288,130124,
55,200,2026-04-17T18:32:03.389421Z,2026-04-17T18:32:15.014673Z,11.62525,68c408d5a808,2026-04-17T18:32:08.680744Z,2026-04-17T18:32:14.986201Z,6305.46,2.918,0.17,0.00,0.11,1445.21,4838.41,20.27,191,98.02,100.00,6.893,6.893,28.72,28.72,32,2016,3200,163,short_ref,prompt_id,10dae68e7db1,2.710,2.3267,130124,
56,200,2026-04-17T18:32:03.389612Z,2026-04-17T18:32:15.024424Z,11.634809,864d0a3d7c96,2026-04-17T18:32:08.683127Z,2026-04-17T18:32:14.986817Z,6303.69,2.918,0.14,0.00,0.10,1442.85,4838.41,18.27,191,98.02,100.00,6.893,6.893,28.72,28.72,32,2016,3200,163,short_ref,prompt_id,10dae68e7db1,2.710,2.3261,130124,
57,200,2026-04-17T18:32:03.389798Z,2026-04-17T18:32:15.045023Z,11.655223,7db2d8c5dc0a,2026-04-17T18:32:08.684867Z,2026-04-17T18:32:14.991399Z,6306.53,2.918,0.14,0.00,0.10,1441.11,4838.41,25.18,191,98.02,100.00,6.893,6.893,28.72,28.72,32,2016,3200,163,short_ref,prompt_id,10dae68e7db1,2.670,2.3620,128204,
58,200,2026-04-17T18:32:03.389978Z,2026-04-17T18:32:14.992011Z,11.602031,dc8592e2f48f,2026-04-17T18:32:08.683326Z,2026-04-17T18:32:14.983385Z,6300.06,2.918,0.13,0.00,0.09,1442.66,4838.41,17.41,191,98.02,100.00,6.893,6.893,28.72,28.72,32,2016,3200,163,short_ref,prompt_id,10dae68e7db1,2.710,2.3247,130124,
59,200,2026-04-17T18:32:03.390168Z,2026-04-17T18:32:15.009638Z,11.619468,641572c292e0,2026-04-17T18:32:08.685705Z,2026-04-17T18:32:14.986053Z,6300.35,2.918,0.14,0.00,0.10,1440.28,4838.41,19.50,191,98.02,100.00,6.893,6.893,28.72,28.72,32,2016,3200,163,short_ref,prompt_id,10dae68e7db1,2.690,2.3421,129164,
60,200,2026-04-17T18:32:03.390357Z,2026-04-17T18:32:15.003300Z,11.612941,ea53373327f6,2026-04-17T18:32:08.683519Z,2026-04-17T18:32:14.985645Z,6302.13,2.918,0.14,0.00,0.10,1442.46,4838.41,19.63,191,98.02,100.00,6.893,6.893,28.72,28.72,32,2016,3200,163,short_ref,prompt_id,10dae68e7db1,2.710,2.3255,130124,
61,200,2026-04-17T18:32:03.390537Z,2026-04-17T18:32:15.029884Z,11.639345,a7d83a7afd5a,2026-04-17T18:32:08.685111Z,2026-04-17T18:32:14.987409Z,6302.30,2.918,0.23,0.01,0.16,1440.78,4838.41,21.23,191,98.02,100.00,6.893,6.893,28.72,28.72,32,2016,3200,163,short_ref,prompt_id,10dae68e7db1,2.710,2.3256,130124,
62,200,2026-04-17T18:32:03.390724Z,2026-04-17T18:32:15.038923Z,11.648197,483acbb92dc9,2026-04-17T18:32:08.683739Z,2026-04-17T18:32:14.988837Z,6305.10,2.918,0.21,0.01,0.14,1442.17,4838.41,22.78,191,98.02,100.00,6.893,6.893,28.72,28.72,32,2016,3200,163,short_ref,prompt_id,10dae68e7db1,2.710,2.3266,130124,
63,200,2026-04-17T18:32:03.390958Z,2026-04-17T18:32:14.985743Z,11.594783,eb8231dfa711,2026-04-17T18:32:08.686321Z,2026-04-17T18:32:14.982203Z,6295.88,2.918,0.18,0.00,0.12,1439.62,4838.41,15.91,191,98.02,100.00,6.893,6.893,28.72,28.72,32,2016,3200,163,short_ref,prompt_id,10dae68e7db1,2.660,2.3669,127724,
64,200,2026-04-17T18:32:03.391147Z,2026-04-17T18:32:15.039242Z,11.648093,69bfd1ee92ce,2026-04-17T18:32:08.684028Z,2026-04-17T18:32:14.988988Z,6304.96,2.918,0.17,0.00,0.12,1441.92,4838.41,22.89,191,98.02,100.00,6.893,6.893,28.72,28.72,32,2016,3200,163,short_ref,prompt_id,10dae68e7db1,2.690,2.3439,129164,
65,200,2026-04-17T18:32:03.391330Z,2026-04-17T18:32:15.002237Z,11.610904,77200d3c8e34,2026-04-17T18:32:08.685412Z,2026-04-17T18:32:14.985006Z,6299.59,2.918,0.16,0.00,0.11,1440.55,4838.41,18.75,191,98.02,100.00,6.893,6.893,28.72,28.72,32,2016,3200,163,short_ref,prompt_id,10dae68e7db1,2.700,2.3332,129644,
66,200,2026-04-17T18:32:03.391515Z,2026-04-17T18:32:15.038764Z,11.647247,fe120aecb660,2026-04-17T18:32:08.684291Z,2026-04-17T18:32:14.988396Z,6304.10,2.918,0.22,0.01,0.15,1441.61,4838.41,22.25,191,98.02,100.00,6.893,6.893,28.72,28.72,32,2016,3200,163,short_ref,prompt_id,10dae68e7db1,2.710,2.3262,130124,
67,200,2026-04-17T18:32:03.391689Z,2026-04-17T18:32:15.024731Z,11.633039,2fac0157ef6c,2026-04-17T18:32:08.685902Z,2026-04-17T18:32:14.987075Z,6301.17,2.918,0.13,0.00,0.09,1440.09,4838.41,19.43,191,98.02,100.00,6.893,6.893,28.72,28.72,32,2016,3200,163,short_ref,prompt_id,10dae68e7db1,2.710,2.3252,130124,
68,200,2026-04-17T18:32:03.391876Z,2026-04-17T18:32:14.980029Z,11.58815,19b4c85c2166,2026-04-17T18:32:08.688111Z,2026-04-17T18:32:14.976999Z,6288.89,2.918,0.22,0.01,0.16,1437.79,4838.41,9.31,191,98.02,100.00,6.893,6.893,28.72,28.72,32,2016,3200,163,short_ref,prompt_id,10dae68e7db1,2.680,2.3466,128684,
69,200,2026-04-17T18:32:03.392060Z,2026-04-17T18:32:14.997299Z,11.605237,038ad7a32f4c,2026-04-17T18:32:08.687857Z,2026-04-17T18:32:14.984425Z,6296.57,2.918,0.11,0.00,0.08,1438.15,4838.41,18.10,191,98.02,100.00,6.893,6.893,28.72,28.72,32,2016,3200,163,short_ref,prompt_id,10dae68e7db1,2.710,2.3235,130124,
70,200,2026-04-17T18:32:03.392245Z,2026-04-17T18:32:15.043347Z,11.651101,e5aa1a3b6b4f,2026-04-17T18:32:08.688881Z,2026-04-17T18:32:14.990446Z,6301.57,2.918,0.11,0.00,0.07,1437.13,4838.41,23.95,191,98.02,100.00,6.893,6.893,28.72,28.72,32,2016,3200,163,short_ref,prompt_id,10dae68e7db1,2.710,2.3253,130124,
71,200,2026-04-17T18:32:03.392427Z,2026-04-17T18:32:15.044872Z,11.652444,10bb108bf174,2026-04-17T18:32:08.689434Z,2026-04-17T18:32:14.991266Z,6301.83,2.918,0.14,0.00,0.09,1436.55,4838.41,24.60,191,98.02,100.00,6.893,6.893,28.72,28.72,32,2016,3200,163,short_ref,prompt_id,10dae68e7db1,2.710,2.3254,130124,
72,200,2026-04-17T18:32:03.392611Z,2026-04-17T18:32:15.041562Z,11.64895,d78625a1d78a,2026-04-17T18:32:08.689061Z,2026-04-17T18:32:14.989870Z,6300.81,2.918,0.19,0.01,0.13,1436.87,4838.41,23.25,191,98.02,100.00,6.893,6.893,28.72,28.72,32,2016,3200,163,short_ref,prompt_id,10dae68e7db1,2.700,2.3336,129644,
73,200,2026-04-17T18:32:03.392793Z,2026-04-17T18:32:15.045812Z,11.653017,15aff56e798f,2026-04-17T18:32:08.689744Z,2026-04-17T18:32:14.992186Z,6302.44,2.918,0.08,0.00,0.06,1436.29,4838.41,25.48,191,98.02,100.00,6.893,6.893,28.72,28.72,32,2016,3200,163,short_ref,prompt_id,10dae68e7db1,2.720,2.3171,130604,
74,200,2026-04-17T18:32:03.392975Z,2026-04-17T18:32:16.468797Z,13.07582,9dc436e3e7cc,2026-04-17T18:32:10.125801Z,2026-04-17T18:32:16.462485Z,6336.68,2.438,0.19,0.01,0.14,4849.42,1481.44,5.12,59,78.64,100.00,6.893,6.893,28.72,28.72,8,504,800,163,short_ref,prompt_id,10dae68e7db1,2.710,2.3383,130124,
75,200,2026-04-17T18:32:03.393203Z,2026-04-17T18:32:16.467198Z,13.073993,eddc8e656976,2026-04-17T18:32:10.133118Z,2026-04-17T18:32:16.461446Z,6328.33,2.438,0.29,0.01,0.21,4842.00,1481.44,4.00,59,78.64,100.00,6.893,6.893,28.72,28.72,8,504,800,163,short_ref,prompt_id,10dae68e7db1,2.710,2.3352,130124,
76,200,2026-04-17T18:32:03.393381Z,2026-04-17T18:32:16.472835Z,13.079452,513db6b39ff5,2026-04-17T18:32:10.134272Z,2026-04-17T18:32:16.464238Z,6329.97,2.438,0.14,0.00,0.09,4841.00,1481.44,6.70,59,78.64,100.00,6.893,6.893,28.72,28.72,8,504,800,163,short_ref,prompt_id,10dae68e7db1,2.710,2.3358,130124,
77,200,2026-04-17T18:32:03.393565Z,2026-04-17T18:32:16.464099Z,13.070532,def03f6b5ee9,2026-04-17T18:32:10.136153Z,2026-04-17T18:32:16.460737Z,6324.58,2.438,0.20,0.01,0.14,4839.05,1481.44,3.04,59,78.64,100.00,6.893,6.893,28.72,28.72,8,504,800,163,short_ref,prompt_id,10dae68e7db1,2.710,2.3338,130124,
78,200,2026-04-17T18:32:03.393754Z,2026-04-17T18:32:16.468010Z,13.074254,4925b52ce406,2026-04-17T18:32:10.135798Z,2026-04-17T18:32:16.461819Z,6326.02,2.438,0.24,0.01,0.16,4839.37,1481.44,4.04,59,78.64,100.00,6.893,6.893,28.72,28.72,8,504,800,163,short_ref,prompt_id,10dae68e7db1,2.690,2.3517,129164,
79,200,2026-04-17T18:32:03.393939Z,2026-04-17T18:32:16.465488Z,13.071548,fd20787441fc,2026-04-17T18:32:10.136859Z,2026-04-17T18:32:16.461017Z,6324.16,2.438,0.14,0.00,0.09,4838.40,1481.44,3.27,59,78.64,100.00,6.893,6.893,28.72,28.72,8,504,800,163,short_ref,prompt_id,10dae68e7db1,2.560,2.4704,122924,
80,200,2026-04-17T18:32:03.394128Z,2026-04-17T18:32:16.469547Z,13.075417,72f62bec9491,2026-04-17T18:32:10.136657Z,2026-04-17T18:32:16.463032Z,6326.38,2.438,0.12,0.00,0.08,4838.63,1481.44,5.39,59,78.64,100.00,6.893,6.893,28.72,28.72,8,504,800,163,short_ref,prompt_id,10dae68e7db1,2.600,2.4332,124844,
81,200,2026-04-17T18:32:03.394312Z,2026-04-17T18:32:16.469677Z,13.075364,72e638f270a7,2026-04-17T18:32:10.137177Z,2026-04-17T18:32:16.463316Z,6326.14,2.438,0.14,0.00,0.09,4838.09,1481.44,5.48,59,78.64,100.00,6.893,6.893,28.72,28.72,8,504,800,163,short_ref,prompt_id,10dae68e7db1,2.620,2.4146,125804,
82,200,2026-04-17T18:32:03.394511Z,2026-04-17T18:32:18.903485Z,15.508972,1c1176478faa,2026-04-17T18:32:14.983150Z,2026-04-17T18:32:18.879141Z,3895.99,2.598,0.20,0.01,0.14,1484.26,2399.77,11.14,95,99.74,100.00,6.893,6.893,28.72,28.72,16,1008,1600,163,short_ref,prompt_id,10dae68e7db1,2.710,1.4376,130124,
83,200,2026-04-17T18:32:03.394696Z,2026-04-17T18:32:18.903947Z,15.50925,3ec2c4206ce1,2026-04-17T18:32:14.986579Z,2026-04-17T18:32:18.879536Z,3892.96,2.598,0.20,0.01,0.15,1480.82,2399.77,10.03,95,99.74,100.00,6.893,6.893,28.72,28.72,16,1008,1600,163,short_ref,prompt_id,10dae68e7db1,2.710,1.4365,130124,
84,200,2026-04-17T18:32:03.394873Z,2026-04-17T18:32:18.879446Z,15.48457,8c231f4ea55d,2026-04-17T18:32:14.993325Z,2026-04-17T18:32:18.874302Z,3880.98,2.598,0.12,0.00,0.08,1474.15,2399.77,6.23,95,99.74,100.00,6.893,6.893,28.72,28.72,16,1008,1600,163,short_ref,prompt_id,10dae68e7db1,2.660,1.4590,127724,
85,200,2026-04-17T18:32:03.395058Z,2026-04-17T18:32:18.894183Z,15.499124,7de502a0adcf,2026-04-17T18:32:15.003069Z,2026-04-17T18:32:18.876758Z,3873.69,2.598,0.13,0.00,0.09,1464.40,2399.77,8.39,95,99.74,100.00,6.893,6.893,28.72,28.72,16,1008,1600,163,short_ref,prompt_id,10dae68e7db1,2.710,1.4294,130124,
86,200,2026-04-17T18:32:03.395243Z,2026-04-17T18:32:18.900082Z,15.504837,04f01b2def5a,2026-04-17T18:32:15.001709Z,2026-04-17T18:32:18.877578Z,3875.87,2.598,0.12,0.00,0.08,1465.77,2399.77,9.41,95,99.74,100.00,6.893,6.893,28.72,28.72,16,1008,1600,163,short_ref,prompt_id,10dae68e7db1,2.570,1.5081,123404,
87,200,2026-04-17T18:32:03.395477Z,2026-04-17T18:32:18.901119Z,15.50564,26394c95535d,2026-04-17T18:32:15.002652Z,2026-04-17T18:32:18.877802Z,3875.15,2.598,0.11,0.00,0.07,1464.84,2399.77,9.32,95,99.74,100.00,6.893,6.893,28.72,28.72,16,1008,1600,163,short_ref,prompt_id,10dae68e7db1,2.710,1.4299,130124,
88,200,2026-04-17T18:32:03.395657Z,2026-04-17T18:32:18.898807Z,15.503148,c70e92af67bd,2026-04-17T18:32:15.001874Z,2026-04-17T18:32:18.877222Z,3875.35,2.598,0.11,0.00,0.07,1465.62,2399.77,7.93,95,99.74,100.00,6.893,6.893,28.72,28.72,16,1008,1600,163,short_ref,prompt_id,10dae68e7db1,2.700,1.4353,129644,
89,200,2026-04-17T18:32:03.395850Z,2026-04-17T18:32:18.902922Z,15.507069,602c4664d94c,2026-04-17T18:32:15.002409Z,2026-04-17T18:32:18.878841Z,3876.43,2.598,0.20,0.00,0.14,1464.99,2399.77,10.51,95,99.74,100.00,6.893,6.893,28.72,28.72,16,1008,1600,163,short_ref,prompt_id,10dae68e7db1,2.710,1.4304,130124,
90,200,2026-04-17T18:32:03.396033Z,2026-04-17T18:32:18.899684Z,15.503649,e5d334ea7734,2026-04-17T18:32:15.017687Z,2026-04-17T18:32:18.877350Z,3859.66,2.598,0.16,0.00,0.12,1449.75,2399.77,8.93,95,99.74,100.00,6.893,6.893,28.72,28.72,16,1008,1600,163,short_ref,prompt_id,10dae68e7db1,2.720,1.4190,130604,
91,200,2026-04-17T18:32:03.396216Z,2026-04-17T18:32:18.892115Z,15.495897,a378bf662bda,2026-04-17T18:32:15.018214Z,2026-04-17T18:32:18.876295Z,3858.08,2.598,0.15,0.00,0.09,1449.24,2399.77,7.77,95,99.74,100.00,6.893,6.893,28.72,28.72,16,1008,1600,163,short_ref,prompt_id,10dae68e7db1,2.570,1.5012,123404,
92,200,2026-04-17T18:32:03.396398Z,2026-04-17T18:32:18.883157Z,15.486758,2566c222ebe8,2026-04-17T18:32:15.022181Z,2026-04-17T18:32:18.875201Z,3853.02,2.598,0.20,0.01,0.15,1445.22,2399.77,6.61,95,99.74,100.00,6.893,6.893,28.72,28.72,16,1008,1600,163,short_ref,prompt_id,10dae68e7db1,2.710,1.4218,130124,
93,200,2026-04-17T18:32:03.396578Z,2026-04-17T18:32:18.902321Z,15.505741,2908176b7d3b,2026-04-17T18:32:15.023344Z,2026-04-17T18:32:18.878563Z,3855.22,2.598,0.17,0.01,0.12,1444.09,2399.77,9.34,95,99.74,100.00,6.893,6.893,28.72,28.72,16,1008,1600,163,short_ref,prompt_id,10dae68e7db1,2.720,1.4174,130604,
94,200,2026-04-17T18:32:03.396763Z,2026-04-17T18:32:18.904427Z,15.507663,ba7b314febe2,2026-04-17T18:32:15.022447Z,2026-04-17T18:32:18.879853Z,3857.41,2.598,0.13,0.00,0.09,1445.02,2399.77,11.16,95,99.74,100.00,6.893,6.893,28.72,28.72,16,1008,1600,163,short_ref,prompt_id,10dae68e7db1,2.710,1.4234,130124,
95,200,2026-04-17T18:32:03.396945Z,2026-04-17T18:32:19.245978Z,15.849032,e81a509bc8b4,2026-04-17T18:32:15.023802Z,2026-04-17T18:32:19.243957Z,4220.15,2.318,0.13,0.00,0.09,3854.38,362.87,2.31,15,95.00,95.00,6.893,6.893,28.72,28.72,2,126,200,163,short_ref,prompt_id,10dae68e7db1,2.700,1.5630,129644,
96,200,2026-04-17T18:32:03.397127Z,2026-04-17T18:32:18.883497Z,15.486369,675a67fd6966,2026-04-17T18:32:15.022635Z,2026-04-17T18:32:18.875465Z,3852.83,2.598,0.14,0.00,0.10,1444.82,2399.77,6.72,95,99.74,100.00,6.893,6.893,28.72,28.72,16,1008,1600,163,short_ref,prompt_id,10dae68e7db1,2.690,1.4323,129164,
97,200,2026-04-17T18:32:03.397310Z,2026-04-17T18:32:18.881616Z,15.484305,12de2967c6ec,2026-04-17T18:32:15.023562Z,2026-04-17T18:32:18.874769Z,3851.21,2.598,0.11,0.00,0.07,1443.93,2399.77,5.95,95,99.74,100.00,6.893,6.893,28.72,28.72,16,1008,1600,163,short_ref,prompt_id,10dae68e7db1,2.660,1.4478,127724,
98,200,2026-04-17T18:32:03.397493Z,2026-04-17T18:32:18.883882Z,15.486387,2893aa507d09,2026-04-17T18:32:15.022835Z,2026-04-17T18:32:18.875796Z,3852.96,2.598,0.11,0.00,0.07,1444.65,2399.77,7.01,95,99.74,100.00,6.893,6.893,28.72,28.72,16,1008,1600,163,short_ref,prompt_id,10dae68e7db1,2.700,1.4270,129644,
99,200,2026-04-17T18:32:03.397730Z,2026-04-17T18:32:19.244914Z,15.847181,f288611f3bfb,2026-04-17T18:32:15.024454Z,2026-04-17T18:32:19.242762Z,4218.31,2.318,0.17,0.00,0.11,3853.69,362.87,1.04,15,95.00,95.00,6.893,6.893,28.72,28.72,2,126,200,163,short_ref,prompt_id,10dae68e7db1,2.710,1.5566,130124,
